[".CVS STORE #-V005091   ROSEVILLE      CA"
,"105 FOOD MART          SOUR LAKE      TX"
,"1064 PBI FLAGLER GOU   WEST PALM BEA FL"
,"120 MARKETSIDE AVENUE  PONTE VEDRA    FL"
,"1619 AVE M             BROOKLYN       NY"
,"163 DELI GRILL         BROOKLYN      NY"
,"1BITENT.COM            855-612-0812  FL"
,"1LNCLN PRK ZOO         CHICAGO       IL"
,"2 MEETING HOUSE LAN    LITTLECOMPTON  RI"
,"2425 W INDIANTOWN RD   JUPITER        FL"
,"270 GREENTREE RD       MARLTON        NJ"
,"2805 WEST CHEESMAN     ALMA           MI"
,"2ND AND CHARLES 2142   CHANTILLY     VA"
,"365 MARKET C 888 432-3 TROY          MI"
,"4 LEAF CLOVER PROTEIN  877-2411480   NY"
,"4005 VICTORY BLVD      PORTSMOUTH     VA"
,"4302 AMC MARKET FAIR 1 FAYETTEVILLE  NC"
,"52595817040            ZARA.COM/US   NY"
,"7-ELEVEN               AUSTIN         TX"
,"7-ELEVEN               CELEBRATION    FL"
,"7-ELEVEN               Garland        TX"
,"7-ELEVEN               HUNTINGTON BE  CA"
,"7-ELEVEN               IRVINE         CA"
,"7-ELEVEN               LIVINGSTON     NJ"
,"7-ELEVEN               LOS ANGELES    CA"
,"7-ELEVEN               MASSAPEQUA     NY"
,"7-ELEVEN               NORTH LAS VEG  NV"
,"7-ELEVEN               OCEAN CITY     MD"
,"7-ELEVEN               OLD ORCHARD B  ME"
,"7-ELEVEN               ORLANDO        FL"
,"7-ELEVEN               Owings Mills   MD"
,"7-ELEVEN               PHILADELPHIA   PA"
,"7-ELEVEN               POINT PLEASAN  NJ"
,"7-ELEVEN               ROANOKE        VA"
,"7-ELEVEN               SANTA MONICA   CA"
,"7-ELEVEN               SILVER SPRING  MD"
,"7-ELEVEN               SPRING VALLEY  CA"
,"7-ELEVEN               Stuart         FL"
,"7-ELEVEN               TAMPA          FL"
,"7-ELEVEN               WYANDOTTE      MI"
,"7-ELEVEN 34559         WASHINGTON    DC"
,"7-ELEVEN 35428         FRISCO         TX"
,"851                    ORLANDO        FL"
,"8911 Retr 8911 Retro F Staten Island  NY"
,"A TO Z UNLIMITED WIREL LAPLACE        LA"
,"A1010EUSD02            Redmond       WA"
,"AA14                   MUSCATINE      IA"
,"ACADEMY SPORTS + OUTDO KATY          TX"
,"ADOBE PS CLOUD TRIAL   4085366000    CA"
,"ALBERTSONS #021        LAS VEGAS      NV"
,"ALBERTSONS #070        LEMON GROVE    CA"
,"AM PM PORTLA-600016    TACOMA         WA"
,"AMAZON MARKETPLACE     AMZN.COM/BILL WA"
,"Amazon Prime           Amzn.com/bill WA"
,"Amazon.com             Amzn.com/bill WA"
,"AMAZON.COM.PAYMENTS    SEATTLE       WA"
,"AMAZONPRIME MEMBERSHIP 866-557-2820  WA"
,"AMI GENERAL STORE LLC  ANNA MARIA     FL"
,"AMOCO#1779248FA        DURHAM         NC"
,"AMZN Digital           888-802-3080  WA"
,"AMZN DIGITAL 888-802-3 SEATTLE       WA"
,"AMZN Mktp US           Amzn.com/bill WA"
,"AMZN MKTP US AMZN.COM/ SEATTLE       WA"
,"ANTILLES CUISINE LLC   ORLANDO       FL"
,"APPLE CASH - ADDED TO  CUPERTINO     CA"
,"APPLE.COM/BILL         866-712-7753  CA"
,"APPLE.COM/BILL         www.apple.com CA"
,"ARBY'S 5010047         LIMON         CO"
,"ARBYS #6239 COLUMBIA C COLUMBIA CITY IN"
,"ARCO#83208YUNNI        TACOMA         WA"
,"ASSOCIATE 1585 WESTCHE BRONX          NY"
,"ATRIUM CAFE            WASHINGTON    DC"
,"Audible                Amzn.com/bill NJ"
,"AUTOZONE  211 RICKY LA COLUMBIA       SC"
,"AZ VAPE LLC            OSHKOSH        WI"
,"Barnes &  901 N. Milwa Vernon Hills   IL"
,"Barnes an 1800 N. Rock Wichita        KS"
,"Barnes an 800 Settlers Pittsburgh     PA"
,"BARNESNOB 118 E. Broad loomington     MN"
,"BARNESNOB 1217 CAROLIN ATLANTA        GA"
,"BARNESNOB 1805 Walnut  Philadelphia   PA"
,"BARNESNOB 3940 Divisio St. Cloud      MN"
,"BCF SPORTS             MIAMI         FL"
,"BEACHSIDE SNACK        FOLLY BEACH    SC"
,"BEALLS OU              Lady Lake      FL"
,"BELLY BUSTERS SEAFOOD  OCEAN CITY    MD"
,"BELSAN BAIT AND TACKLE SCITUATE      MA"
,"BELTON PARKS AND RECRE BELTON        MO"
,"BIG LOTS  1470 PLEASAN MANCHESTER     CT"
,"BIG LOTS  4600 MAIN ST SHALLOTTE      NC"
,"blessed 7 to 10 market WASHINGTON     DC"
,"Blizzard Entertainment Irvine        CA"
,"BLUSH MARK OUTFITTERS  LOS ANGELES   CA"
,"BOMBAY HOUSE INC       CORDOVA       TN"
,"BOOKOFF                PARIS         FRA"
,"BOONE'S MARKET     QPS LOS ANGELES    CA"
,"BP#1083400QUALI        WINSTON SALEM  NC"
,"BP#1260100SHIV         SPRINGDALE     PA"
,"BP#1736776YOGIS        COLUMBUS       IN"
,"BP#1916477PAT'S        SPARTANBURG    SC"
,"BP#8644346ES #3        BRIGHTON       MI"
,"BP#8768855MAHIL        FENTON         MO"
,"BP#88631281258         WESTERVILLE    OH"
,"BP#9175258GOLF         SCHAUMBURG     IL"
,"BP#9326273BENTO        RICE           MN"
,"BP#9488099MORGA        CHICAGO        IL"
,"BRIGGS NURSERY         N. ATTLEBORO   MA"
,"BROAD STREET MAR       BROOKSVILLE    FL"
,"BROOKLYN  200 Schermer Brooklyn       NY"
,"BUBBLEOLOGY            CLINTON TOWNS  MI"
,"BUD'S COU 1700 S BROAD POTEAU         OK"
,"BUFFALO'S GOLDEN CORNE BUFFALO        NY"
,"BURR PETROLEUM C       GARY           IN"
,"Campus Bo Manley Colle Atlanta        GA"
,"CARLS JR 1101601       APACHE JUNCTI AZ"
,"CARLS JR RESTAURANTS 8 GRANTS PASS   OR"
,"CASEYS CL 74 MILL ST   CLERMONT       IA"
,"CASEYS GE 500 E POINTE VAN BUREN      AR"
,"CASINO BEACH PIER RIDE SEASIDE HEIGH NJ"
,"CEFCO 45               NOLANVILLE     TX"
,"CHENERY MARKET         SAN FRANCISCO  CA"
,"CHICK-FIL-A #00444     GREENVILLE    NC"
,"CHICK-FIL-A #01259     HUMBLE        TX"
,"CHICK-FIL-A #02088     JACKSONVILLE  FL"
,"CHICK-FIL-A #03662     NEW YORK      NY"
,"CHICK-FIL-A #03986     CRESTVIEW     FL"
,"CHICK-FIL-A #04108     NASHVILLE     TN"
,"CHIPOTLE 1421          WEST HARTFORD CT"
,"CHIPOTLE 2036          DALLAS        TX"
,"CHISHOLM CRN #         CACHE          OK"
,"CHUBBY LIQUO-426962    RESEDA         CA"
,"CHUCK E CHEESE 637     GREENSBORO     NC"
,"CINERGY AMARILLO-VISTA AMARILLO      TX"
,"CIRCLE K # 05715 5758  ASHTABULA      OH"
,"CIRCLE K # 41038 3890  SAN ANTONIO    TX"
,"CIRCLE K # 41639 2575  PHOENIX        AZ"
,"CIRCLE K # 45045 166 G MILLEDGEVILLE  GA"
,"CIRCLE K 01306 504 N C CASEY          IL"
,"CIRCLE K 01647 14804 C CHESTERFIELD   MO"
,"CIRCLE K 01956 33541 D DANA POINT     CA"
,"CIRCLE K 05656 1219 WE LIMA           OH"
,"CITGO GO GO GAS        ROCKLAND       MA"
,"CKE*BOTSKY'S LAKE CHAR LAKE CHARLES  LA"
,"CLAIRE'S  2845 CENTER  CENTER VALLEY  PA"
,"CLAIRE'S  3000 GRAPEVI GRAPEVINE      TX"
,"CLAIRE'S  3710 ROUTE 9 FREEHOLD       NJ"
,"CLAIRE'S  6072 U S HIG HATTIESBURG    MS"
,"CLAIRE'S  HIGHWAY 64   ASHEBORO       NC"
,"CLANTON RD. CITG       CHARLOTTE      NC"
,"CLARK 2267             MILWAUKEE      WI"
,"CLARK 3575             MILWAUKEE      WI"
,"Climbzone              Laurel        MD"
,"CMS*BETTOLI TRADING CO HIALEAH       FL"
,"CMSVEND*ATLANTIC DOMIN VIRGINIA BEAC VA"
,"CMSVEND*CV RICHMOND    N CHESTERFLD  VA"
,"CMSVEND*CV SAN ANTONIO CIBOLO        TX"
,"cntback.co             448000869952  ESP"
,"COASTAL WATER PARK SOL SAINT SIMONS   GA"
,"COCA COLA LAWRENCEVILL LAWRENCEVILLE GA"
,"CONSERV FUEL 61        SAN LUIS OBIS  CA"
,"CONSERV FUEL 61        SANTA MARIA    CA"
,"COUNTRY CUPBOAR        PELION         SC"
,"COUNTRY FAIR #41       EDINBORO       PA"
,"CRACKER B 10975 US HWY SOUTHERN PINE  NC"
,"CRUNCHYROLL *ANIME     415-503-9235  CA"
,"CRUNCHYROLL *MEMBERSHI 415-503-9235  CA"
,"CULVERS OF LOCKPORT    LOCKPORT      IL"
,"CVS PHARM 10191--87 SU WESTHAMPTON B  NY"
,"CVS/PHARM 00742--7 POP SCARSDALE      NY"
,"CVS/PHARM 01120--215 J Venice         FL"
,"CVS/PHARM 01468--10141 SILVER SPRING  MD"
,"CVS/PHARM 02462--191 N Somers Point   NJ"
,"CVS/PHARM 04604--865 N ATLANTA        GA"
,"CVS/PHARM 08081--17120 GROSSE POINTE  MI"
,"CVS/PHARM 08136--444 S BIRMINGHAM     MI"
,"CVS/PHARM 09550--40365 Temecula       CA"
,"CVS/PHARM 10611--1000  LINDEN         NJ"
,"D&W QUICK 6799 Cascade Grand Rapids   MI"
,"DAIRY QUEEN #11401     WASHINGTON    IL"
,"DAIRY QUEEN #41106     EMERALD ISLE  NC"
,"DAIRY QUEEN 18886      HIGHLAND PARK IL"
,"DARI MART 6898 MAIN ST SPRINGFIELD    OR"
,"DBA NINO CONVENI       CABAZON        CA"
,"DD'S DISCOUNT #5065    ORLANDO        FL"
,"DEFY FORT 9370 DYNASTY FORT MYERS     FL"
,"DEL SOL PANAMA CITY BE PANAMA CITY B FL"
,"DESTIN 5269            DESTIN         FL"
,"DISNEY STORE #311      MCLEAN        VA"
,"DOC'S COUNTRY MART #2  COWETA        OK"
,"DOLLAR GE DG 108631478 CORYDON        IN"
,"DOLLAR GE DG 112918303 CORAL SPRINGS  FL"
,"DOLLAR GE DG 118771032 COLCHESTER     VT"
,"DOLLAR GE DG 155681502 LYMAN          ME"
,"DOLLAR GE DG 194131522 CLEVELAND      TX"
,"DOLLAR GE DG 209544801 LEXINGTON      KY"
,"DOLLAR TR 1220 28TH ST WYOMING        MI"
,"DOLLAR TR 2051 CENTRAL WINTERVILLE    NC"
,"DOLLAR TR 305 GARDNER  TAFT           CA"
,"DOLLAR TR 3148 TAMPA R OLDSMAR        FL"
,"DOLLAR TR 3870 DEWEY A ROCHESTER      NY"
,"DOLLAR TR 4015 S NOVA  PORT ORANGE    FL"
,"DOLLAR TR 4943 S 900 W RIVERDALE      UT"
,"DOLLAR-GE DG 023933341 STATESVILLE    NC"
,"DOLLAR-GE DG 06086158  PORTAGEVILLE   MO"
,"DOLLAR-GE DG 06861528  LAKE MILLS     WI"
,"DOLLAR-GE DG 080972253 HERMITAGE      MO"
,"DOLLAR-GE DG 0848273 R YOUNGSVILLE    PA"
,"DOLLARTRE 1100 W MAIN  NORRISTOWN     PA"
,"DOLLARTRE 2891 E WATER AKRON          OH"
,"DOLLARTRE 3730 SAN PAB EL SOBRANTE    CA"
,"DOLLARTRE 3900 YANKEE  LINCOLN        NE"
,"DOLLARTRE 8820 NORTH S BAYTOWN        TX"
,"DOORDASH DASHPASS      +16506819470  CA"
,"DOORDASH.COM           +16506819470  CA"
,"DOORDASH*BURGER KING   +16506819470  CA"
,"DOORDASH*CHICK-FIL-A   +16506819470  CA"
,"DOORDASH*MCDONALDS     +16506819470  CA"
,"DOORDASH*TACO BELL     +16506819470  CA"
,"DOORDASH*WALGREENS     +16506819470  CA"
,"DOORDASH*WENDYS        +16506819470  CA"
,"DOORDASH*WINGSTOP      +16506819470  CA"
,"Dott                   Amsterdam     NLD"
,"DSW KING  510 MALL BLV KING OF PRUSS  PA"
,"DSW VILLA 181 SKOKIE B NORTHBROOK     IL"
,"DUNKIN #310210 Q35     SANDWICH      MA"
,"DUNKIN #350754         ASHLAND       MA"
,"E  Tremont Family Deli Bronx          NY"
,"E TROY MOBIL           EAST TROY      WI"
,"E-Z MART #4201         DEQUEEN        AR"
,"EATSTREET              MADISON       WI"
,"EBONY TRADING          DALLAS         TX"
,"ENMARKET #491          SAVANNAH       GA"
,"EPC*FORTNITE           919-854-0070  NC"
,"Etsy.com - ClarkSticke Brooklyn      NY"
,"Everi                  NEWCASTLE      OK"
,"EXCEL BIKE AND FITNESS NORWALK       OH"
,"EXETER                 EXETER         RI"
,"EXIT 46 SUNRISE        ISLIP TERRACE  NY"
,"EXPRESS M 700 HIGHWAY  WATER VALLEY   MS"
,"EXXON WESTON SERVICE C WESTON        CT"
,"FAIRWAY FOOD MA        NORTH MASSAPE  NY"
,"FAMILY DOLLAR #        AUGUSTA        GA"
,"FAMILY DOLLAR #        BOSSIER CITY   LA"
,"FAMILY DOLLAR #        BROOKLYN       NY"
,"FAMILY DOLLAR #        DAYTON         OH"
,"FAMILY DOLLAR #        FLEMINGSBURG   KY"
,"FAMILY DOLLAR #        LANDOVER       MD"
,"FAMILY DOLLAR #        LAS VEGAS      NV"
,"FAMILY DOLLAR #        MEMPHIS        TN"
,"FAMILY DOLLAR #        PALMETTO       GA"
,"FAMILY DOLLAR #        TYLERTOWN      MS"
,"FAMILY DOLLAR #        WELCH          WV"
,"FAMILY FA 430 N Lake S Boyne City     MI"
,"FAVOR                  8556233287    TX"
,"FAVOR (TEMP)           8556233287    TX"
,"FAVOR STARBUCKS        8556233287    TX"
,"FE76 Lowell South1     LOWELL         IN"
,"FIVE BELO 14260 BALTIM LAUREL         MD"
,"FIVE BELO 150 W LOWRY  LEXINGTON      KY"
,"FIVE BELO 16105 CHENAL LITTLE ROCK    AR"
,"FIVE BELO 2000 CLEMENT DEPTFORD       NJ"
,"FIVE BELO 255 GROSSMAN BRAINTREE      MA"
,"FIVE BELO 2651 NE 10TH HOMESTEAD      FL"
,"FIVE BELO 26914 FM 109 RICHMOND       TX"
,"FIVE BELO 3040 WESTGAT CLEVELAND      OH"
,"FIVE BELO 335 PARKWAY  EL CAJON       CA"
,"FIVE BELO 3414 SHOPPER MCHENRY        IL"
,"FIVE BELO 3545 28TH ST GRAND RAPIDS   MI"
,"FIVE BELO 423 COMMERCE VICTOR         NY"
,"FIVE BELO 4640 ROOSEVE PHILADELPHIA   PA"
,"FIVE BELO 5517 S SCATT ANDERSON       IN"
,"FIVE BELO 666 ROUTE 70 BRICK          NJ"
,"FIVE BELO 700 N MILWAU VERNON HILLS   IL"
,"FIVE BELO ELLISBURG SH CHERRY HILL    NJ"
,"FIVE GUYS 620 QSR      SHREWSBURY    PA"
,"FOOD CITY #230         CHATSWORTH    GA"
,"FOOD GIANT #347        LITTLE ROCK    AR"
,"FOOD LION #0391        VIRGINIA BCH   VA"
,"FOOD LION #1490        CORNELIUS      NC"
,"FOXY DRIVE IN          CLOVIS        NM"
,"FRED-MEYE FRED MEYER 3 TACOMA         WA"
,"FRYS-FOOD 4842 E. BELL SCOTTSDALE     AZ"
,"FRYS-FOOD 7870 N. SILV MARANA         AZ"
,"FUFU DELI AND GROCERY  SAINT ALBANS  NY"
,"FUNIMATION PRODUCTIONS +18552649672  TX"
,"GAMESTOP  1631 DEL PRA CAPE CORAL     FL"
,"GANESH                 EXETER        NH"
,"GARDEN CITY MINI MART  MURRELLS INLE  SC"
,"GLACIER WAY -497497    BROWNING       MT"
,"GLAM  8105             TAMPA         FL"
,"GLOSSIER               2122560781    NY"
,"GNC #006103 1012B CROS SPRING HILL    TN"
,"GOODWILL  508 SOUTH ST PHILADELPHIA   PA"
,"GOOGLE  Ellation       Mountain View CA"
,"GOOGLE *CloudMosa Inc  650-253-0000  CA"
,"GOOGLE *Disney Mobile  650-253-0000  CA"
,"GOOGLE *Ellation       650-253-0000  CA"
,"GOOGLE *Eulah          650-253-0000  CA"
,"GOOGLE *Mbactivities   650-253-0000  CA"
,"GOOGLE *Minecraft      650-253-0000  CA"
,"GOOGLE *Miniclip       855-836-3987  CA"
,"GOOGLE *ROBLOX         650-253-0000  CA"
,"GOOGLE *ROBLOX         855-836-3987  CA"
,"GOOGLE *ROBLOX         g.co/helppay# CA"
,"GOOGLE *SayGames       650-253-0000  CA"
,"GOOGLE *Smule Inc      650-253-0000  CA"
,"GOOGLE *socialpoint    g.co/helppay# CA"
,"GOOGLE *TEMPORARY HOLD g.co/helppay# CA"
,"GOOGLE *Toca Boca AB   g.co/helppay# CA"
,"GOOGLE *Viacom         650-253-0000  CA"
,"GOOGLE *Visual Supply  650-253-0000  CA"
,"GOOGLE *YouTube Music  g.co/helppay# CA"
,"GOOGLE* Gram Games     Mountain View CA"
,"GOOGLE* Miniclip       Mountain View CA"
,"GOOGLE* ROBLOX         Mountain View CA"
,"GOOGLE*DISCORD         G.CO/HELPPAY# CA"
,"GOOGLE*ROBLOX          G.CO/HELPPAY# CA"
,"GOOGLE*ZALIVKAMOBILE   G.CO/HELPPAY# CA"
,"GORDON GATE 5 SHOPT    FORT GORDON    GA"
,"GRACY FOOD MART        AUSTIN         TX"
,"GREAT AMERICAN COOKIE  ACWORTH       GA"
,"GRINGO'S TACO SHACK    TOMS RIVER    NJ"
,"GRUBHUB*MCDONALDS      NEW YORK      NY"
,"GRUBHUB*WENDYS         NEW YORK      NY"
,"H & H LIQUOR           VENTURA        CA"
,"H-E-B GAS #467         MEXIA          TX"
,"HAMILTON PARK E        BALTIMORE      MD"
,"HANGAR15  290 N NOVA R DAYTONA BEACH  FL"
,"HAPPY LEMON            TIGARD         OR"
,"HARD ROCK BALTIMORE    BALTIMORE     MD"
,"HARPS FUEL #126        WEST FORK      AR"
,"HARRIS TE 2107 HILLSBO DURHAM         NC"
,"HARTWAY MOTORS INC     MEDINA         NY"
,"HARVEY'S  830 W OAK ST MC RAE         GA"
,"HIDDEN RIDGE RV        HOPKINS       MI"
,"HIGHLAND  204 MAIN ST  FARMINGTON     CT"
,"HIGHWAY 66 QUIC        KING           NC"
,"HILLS FAM 131 E 5TH ST IMPERIAL       NE"
,"HILTON DAYTONA BEACH F DAYTONA BEACH FL"
,"HOBBYLOBB 11977 ST. CH BRIDGETON      MO"
,"HOBBYLOBB 1425 TUSKAWI WINTER SPRING  FL"
,"HOBBYLOBB 1717 OLD FOR MURFREESBORO   TN"
,"HOBBYLOBB 2357 DAVID H FLORENCE       SC"
,"HOLLISTER 36508 SEASID REHOBOTH BEAC  DE"
,"HOP N SHOP FOOD STORE  DECATUR        GA"
,"Hot Diggity Dawg       GATLINBURG    TN"
,"HUDSON #3218           HUDSON         NH"
,"HY-VEE I CTY MKT GRL 4 IOWA CITY     IA"
,"HYPEFLAGS              +16313971783  DE"
,"INGLES MARKETS         ASHEVILLE      NC"
,"INGLES MARKETS         CONYERS        GA"
,"INTL EPSS ACQ          EURO CITY     ISR"
,"ISLAND REPUBLIC        ST SIMONS ISL GA"
,"JACKSON'S IGA          KENANSVILLE    NC"
,"JAY'S MART             MISSOULA       MT"
,"Jesse's Pizza          Borger        TX"
,"JET FOOD STORES        East Dublin    GA"
,"JIMMY JOHNS # 1411 -   SHEBOYGAN     WI"
,"JOE'S SHOPWELL         BURLINGTON     NC"
,"JORDANS KWIK ST        POCAHONTAS     AR"
,"JS HALLMARK 49         OWASSO        OK"
,"JUNCTION LANES FAMILY  NEWNAN        GA"
,"JWG BEAUTY SUPPLY      EAST ST. LOUI  IL"
,"Kalahari Retail - WI   Wisconsin Del WI"
,"KALAHARI-BIGGAMEROOM S SANDUSKY       OH"
,"KEY FOODS 575 GRAND ST BROOKLYN       NY"
,"KING SOOP 10406 E. MAR DENVER         CO"
,"KING SOOP 1070 BAPTIST COLORADO SPRI  CO"
,"KING SOOP 1891 STATE H ERIE           CO"
,"KINGS MART CONOC       BELLEVILLE     IL"
,"KIRKLAND'S #101        MIAMI          FL"
,"KOHLS 045 7801 ROGERS  FORT SMITH     AR"
,"KOHLS 053 21 GUSABEL A NASHUA         NH"
,"KOLACHE FACTORY        HOUSTON       TX"
,"KROGER #1 1920 W LEAGU LEAGUE CITY    TX"
,"KROGER #3 15802 CHAMPI SPRING         TX"
,"KROGER #3 555 N. FRANK CHRISTIANSBUR  VA"
,"KROGER #4 6745 SIWELL  BYRAM          MS"
,"KROGER #4 7735 FARMING GERMANTOWN     TN"
,"KROGER #6 6420 ASHER A LITTLE ROCK    AR"
,"KROGER #9 930 W. MAIN  PERU           IN"
,"KROGER FU 1609 SOUTH P HERRIN         IL"
,"KROGER FU 1720 MARS HI ACWORTH        GA"
,"KROGER FU 210 STERLING MOUNT ORAB     OH"
,"KROGER FU 5945 MADISON INDIANAPOLIS   IN"
,"LAFESTA BRICK & BREW P DOVER         NH"
,"LOWE'S #89             SANTA FE       NM"
,"LULULEMONCOM*          877-263-9300  CA"
,"LYFT   *TEMP AUTH HOLD SAN FRANCISCO CA"
,"LYONS DAIRY BAR        LYONS         CO"
,"M&T 12502 OCEAN GA     W OCEAN CITY   MD"
,"MADRAG 630103          ORLANDO        FL"
,"MAIN STREET -K489194   LOS ANGELES    CA"
,"MAPCO 754 3930 ATLANTA MONTGOMERY     AL"
,"MARATHON PETRO10       GREY EAGLE     WV"
,"MARATHON PETRO20       ST. PETERSBUR  FL"
,"MARATHON PETRO21       BEDFORD        IN"
,"MARATHON PETRO231415   Richmond      CA"
,"MARCUS ARNOLD CINE ECO ARNOLD        MO"
,"MARKET STREET 6        FRISCO         TX"
,"MARKET@WORK 2067379149 RENTON        WA"
,"MARSHALLS 1515 GONERNO TALLAHASSE     FL"
,"Mastercard             St. Louis     MO"
,"Mastercard             St. Louis     USA"
,"MAVERIK #502           ALLIANCE       NE"
,"MAVERIK #528           CHEYENNE       WY"
,"MAVERIK #585           ST. GEORGE     UT"
,"MAVERIK #612           PERRY          UT"
,"MCDONALD'S F12106      WINFIELD      AL"
,"MCDONALD'S F17708      LAS VEGAS     NV"
,"MCDONALD'S F18886      WARREN        OH"
,"MCDONALD'S F20239      ORLANDO       FL"
,"MCDONALD'S F31897      SIMPSONVILLE  SC"
,"MCDONALD'S F6311       MT PLEASANT   PA"
,"MCDONALD'S F6676       CHICAGO       IL"
,"MCDONALD'S F775        OVERLAND PARK KS"
,"Microsoft              Redmond       WA"
,"Microsoft*Console 1 Mo msbill.info   WA"
,"Microsoft*Store        msbill.info   WA"
,"Microsoft*Xbox         msbill.info   WA"
,"Microsoft*Xbox         Redmond       WA"
,"Microsoft*Xbox Live Go msbill.info   WA"
,"MINIT MART EG 78       KANSAS CITY    MO"
,"MIRACLE CAR WASH - FL  BOCA RATON    FL"
,"MOUNTAIN MART #        CANTON         NY"
,"MTA*NYCT PAYGO         NEW YORK      NY"
,"MURPHY EXPRESS         CLOVER         SC"
,"MURPHY6568ATWAL        MCALESTER      OK"
,"MURPHY7197ATWAL        ROCKDALE       TX"
,"MURPHY7478ATWAL        EUFAULA        AL"
,"MYVENDINGREWARDS CAMEL PHOENIX       AZ"
,"NATURE'S FOOD PATCH #1 CLEARWATER    FL"
,"Netflix.com            Los Gatos     CA"
,"NETFLIX.COM            NETFLIX.COM   CA"
,"NHS Inc.               831-4597800   CA"
,"NINTENDO    *AMERICAUS 800-255-3700  WA"
,"NJT NY PENN STA   5002 NEW YORK      NJ"
,"OAK SPEEDCHECK         YOUNGSTOWN     OH"
,"OAKLAND MARATHON       OAKLAND        TN"
,"OCEAN LAKE STORE       MYRTLE BEACH  SC"
,"Oculus                 Menlo Park    CA"
,"OFFICE DE 715 TEXAS AV COLLEGE STATI  TX"
,"OFFICE MA 308 S HOLLYW STEUBENVILLE   OH"
,"On Run Coffee Shop     Lakeville     CT"
,"One Stop               Gallitzin      PA"
,"ONE STOP SHOP 13       MARYVILLE      IL"
,"ORANGE COUNTY C C CONC ORLANDO       FL"
,"Orangeland RV Park     ORANGE        CA"
,"PAI ISO                BEAVERCREEK    OH"
,"PAI ISO                CHESANING      MI"
,"PAI ISO                GARFIELD       NJ"
,"PAI ISO                ROCHESTER      NY"
,"PAI ISO                SUMMIT         MS"
,"PAI ISO                WASHINGTON     DC"
,"PANDA EXPRESS          DALLAS        TX"
,"PANDORA OF MILLENIA MA ORLANDO        FL"
,"PANERA BREAD #601201   STATE COLLEGE PA"
,"PAYPAL                 4029357733    CA"
,"PAYPAL *EBAY US        4029357733    CA"
,"PAYPAL *EBAYINCSHIP    4029357733    CA"
,"PAYPAL *GD JUNIPER     4029357733    CA"
,"PAYPAL *GGAMING        4029357733    FL"
,"PAYPAL *PLAYSTATION    4029357733    CA"
,"PAYPAL *PURPLEPRISO    35314369001   GBR"
,"PAYPAL *SPLICE         4029357733    NY"
,"PAYPAL *STEAM GAMES    4029357733    WA"
,"PAYPAL *TIANLIMEDIC    4029357733    CA"
,"PBC- STONE MOUNTAIN,   STONE MOUNTAI GA"
,"PEOPLES GROCERY        PITTSBURGH     PA"
,"PETSMART # 0090        FOUNTAIN VALL CA"
,"PIZZA LAND INC         CALEDONIA      NY"
,"PIZZERIA LIMONE        COTTONWOOD HE  UT"
,"PLAYSTATION NETWORK    800-345-7669  CA"
,"PlaystationNetwork     San Mateo     CA"
,"PLEASANTBURG           GREENVILLE     SC"
,"POPEYE                 BROOKLYN      NY"
,"POTBELLY #144          DEKALB        IL"
,"PP*APPLE.COM/BILL      4029357733    CA"
,"PRICE CHOPPER #        OLATHE         KS"
,"Prime Video            888-802-3080  WA"
,"PUBLIX  #1166          HIXSON        TN"
,"PUMP AND PANTRY        DONIPHAN       NE"
,"QUALITY CAR WASH       HOLLAND        MI"
,"QUEEN VILLAG-223003    PHILADELPHIA   PA"
,"QUEENS MARKET          VENICE         CA"
,"QUICK CHEK FOOD        POMPTON PLAIN  NJ"
,"QUICK WAY - 11         WOODVILLE      TX"
,"QV LINCOLN             LINCOLN        AL"
,"RALPHS #0 1150 IRVINE  NEWPORT BEACH  CA"
,"RALPHS #0 2700 SEPULVE MANHATTAN BEA  CA"
,"RAMSEY S  200 N WALNUT LENOX          IA"
,"RAVE 1110              CENTREVILLE   VA"
,"REDBOX *DVD RENTAL     OAKBROOK TER  IL"
,"REG VALLEY MALL  1908  HAGERSTOWN    MD"
,"Riot* LN10ZBZSPCT3     866-373-9211  CA"
,"Riot* LN1Y5QKP4UNB     866-373-9211  CA"
,"RITA'S ITALIAN ICE     SUWANEE       GA"
,"RITE AID 00362         BALTIMORE      MD"
,"RITE AID 05621         CARLSBAD       CA"
,"RITE AID 10790         ENDWELL        NY"
,"RODNEY PRAHAM S        LITTLE ROCK    AR"
,"ROOSTER TEA            COSTA MESA     CA"
,"ROSS STORE #596        GRAND JCT      CO"
,"ROSS STORES #1560      BOISE          ID"
,"ROSS STORES #1668      KANSAS CITY    MO"
,"ROSS STORES #1899      TUCKER         GA"
,"ROSS STORES #835       WALNUT PARK    CA"
,"ROYAL OIL              SAN DIEGO      CA"
,"RUE21     400 ROUTE 38    MOORESTOWN  NJ"
,"S & D DELI P-K307412   BRONX          NY"
,"SAFEWAY #2718          MILL VALLEY    CA"
,"SALLY BEA 828 STEGER T ROCKWELL       TX"
,"SAMS CLUB SAM'S Club   DALLAS         TX"
,"SAMSCLUB #8147         LOVELAND       CO"
,"SAMSCLUB #8296         SPRINGFIELD    MO"
,"SHEIN.COM              US.SHEIN.COM  DE"
,"SHEIN.COM              Wilmington    DE"
,"SHELL                  EDWARDSVILLE  KS"
,"SHELTER ISLAND PHARMAC SHELTER ISLAN  NY"
,"SMITHS FO 45 SOUTH STA OREM           UT"
,"SMITHS FO 4600 E. SUNS HENDERSON      NV"
,"SNAK SHAK WYWD         WYNNEWOOD      OK"
,"SP * FASHIONNOVA.COM   8008660286    CA"
,"SP * MISS A STORES     Dallas        TX"
,"SP * SA COMPANY        +15617023460  FL"
,"SPARKLES OF SMYRNA     SMYRNA        GA"
,"SPENCER`S ICE CREAM ST GUNNISON       CO"
,"Spotify USA            New York      NY"
,"SQ *BASANDS VENDING SE Fort Myers    FL"
,"SQ *KONA-ICE OF BEL AI Street        MD"
,"SQ *MOAB COFFEE ROASTE Moab          UT"
,"SQ *MOUNTAIN VIEW COFF BRECKENRIDGE  CO"
,"SQ *SEWICKLEY CONFECTI SEWICKLEY     PA"
,"SQ *SIDELINES          Bolivar       NY"
,"SQ *STUDIO ELITE       Aberdeen      NC"
,"SQ *SWEET PETE'S CANDY Jacksonville  FL"
,"SQ *T&F STYLES         Little Rock   AR"
,"SQ *VDOGSCHICAGO.COM   Chicago       IL"
,"STARBUCKS 800-782-7282 800-782-7282  WA"
,"STARBUCKS STORE 0028   MADEIRA       OH"
,"STARBUCKS STORE 0519   BELLEVUE      WA"
,"STARBUCKS STORE 0654   OKLAHOMA CITY OK"
,"STARBUCKS STORE 0837   ORLANDO       FL"
,"STARBUCKS STORE 0839   FRANKLIN      TN"
,"STARBUCKS STORE 1602   MEQUON        WI"
,"STARBUCKS STORE 5688   CHAPEL HILL   NC"
,"STEAM PURCHASE         425-9522985   WA"
,"STEAMGAMES.COM 4259522 Bellevue      WA"
,"STOP & SAVE            NEWBEDFORD     MA"
,"STOP & SHOP 0406 425 A HYANNIS        MA"
,"STOP & SHOP 0577 3577  OCEANSIDE      NY"
,"STOP N GO              GASTON         SC"
,"STRIPES 0051540        SAN ANGELO     TX"
,"Subway 20604           Duluth        GA"
,"Subway 4592            Gardendale    AL"
,"SUBWAY OA 265 WASHINGT MALDEN         MA"
,"SUGAR KINGDOM OC 45ST  OCEAN CITY     MD"
,"SUNOCO 02293959        LECANTO        FL"
,"SUNOCO 06643449        READING        PA"
,"SUNOCO 07339492        SLANESVILLE    WV"
,"SUNOCO 08794760        TAMPA          FL"
,"SUNSTOP                LAKE CITY      FL"
,"SUPER 1 FOODS S        STEVENSVILLE   MT"
,"SUPER DOLLAR-630287    READING        PA"
,"Superior Market        Brooklyn      NY"
,"T J MAXX  2591 NW ARTE DUBUQUE        IA"
,"TACO BELL #033637      SPRINGFIELD   MA"
,"TACO BELL #036175      ROCHESTER     MN"
,"TACO BELL 33509        MENIFEE       CA"
,"TARGET ST 704 W Lancas Wayne          PA"
,"TARGET T- 1790 Airline Hollister      CA"
,"TARGET T- 18255 Blanco San Antonio    TX"
,"TARGET T- 200 Mill Roa Phoenixville   PA"
,"TARGET T- 2191 N Tusti Orange         CA"
,"TARGET T- 220 S River  Bedford        NH"
,"TARGET T- 30333 Southf Southfield     MI"
,"TARGET T- 3040 S Evans Greenville     NC"
,"TARGET T- 4155 S Grand Las Vegas      NV"
,"TARGET T- 500 East 14t New York       NY"
,"TARGET T- 5850 Eastex  Beaumont       TX"
,"TARGET T- 605 Boston P Marlborough    MA"
,"TARGET T- 6931 FM 1960 Humble         TX"
,"TARGET T- 7377 Alcoa R Bryant         AR"
,"TARGET T- 7400 N 10th  Mcallen        TX"
,"TARGET T- 777 E Colora Pasadena       CA"
,"TARGET T- 7779 Jordan  West Jordan    UT"
,"TARGET T- 9052 Central Montclair      CA"
,"TARGET T-2225          EDGEWATER     CO"
,"TARGET.COM             BROOKLYN PARK MN"
,"TB/KFC 925003          OCEAN CITY    MD"
,"THE ALLEY 1001 RAINBOW GADSDEN        AL"
,"THE BIG SQUEEZY        BATON ROUGE   LA"
,"THE FUNPLEX  MT LAUREL MOUNT LAUREL  NJ"
,"THE MARKET AT W        WINTERGREEN R  VA"
,"THE TIMBERLAND COMPANY RIVERHEAD      NY"
,"TIENDA LA 3312 HIGHWAY FORT MILL      SC"
,"TIME WISE # 803        THE WOODLANDS  TX"
,"TIME WISE #180         MANVEL         TX"
,"TJMAXX #0 RTE. 28      EAST FALMOUTH  MA"
,"TJMAXX #0170           BOWLING GREEN KY"
,"TROPICAL SMOOTHIE CAFE CARY          NC"
,"TROPICAL SMOOTHIE CAFE MCKINNEY      TX"
,"TROPICAL SMOOTHIE CAFE NORTH AUGUSTA SC"
,"TST* DAWSON'S YOGURT   SANTA ROSA BE FL"
,"TXU*BILL PAYMENT       800-242-9113  TX"
,"UBER   * EATS PENDING  SAN FRANCISCO CA"
,"UBER   * PENDING       SAN FRANCISCO CA"
,"UBER TECHNOLOGIES INC  SAN FRANCISCO CA"
,"ULTA #1208             SHERMAN        TX"
,"ULTA #416              WILKES-BARRE   PA"
,"UNION BANK & TRUST CO  MONTICELLO     AR"
,"UNIQUE BE 3645 DR MART FORT MYERS     FL"
,"UPTOWN BEAUTY #15      HOUSTON        TX"
,"URBAN AIR ADVENTURE PA SOUTHLAKE     TX"
,"URBAN AIR LAKE GROVE   LAKE GROVE    NY"
,"US Foods               Raymond        MS"
,"USA SODA SNA*USA*ARCAD EDMOND        OK"
,"USA SODA SNA*USA*AVI F WARREN        OH"
,"USA SODA SNA*USA*C & L MARSHALLTOWN  IA"
,"USA SODA SNA*USA*SNACK JACKSON       MI"
,"USA*AVI FOODSYSTEMS    WARREN        OH"
,"USA*SNACK SODA VENDI   HENDERSON     NV"
,"VALLE`S PRODUCE        JOLIET         IL"
,"VENMO                  NEW YORK      NY"
,"VENMO*bosworth rayna   New York City  NY"
,"VENMO*McCaffrey Emma   New York City  NY"
,"VENMO*Shepherd Parke   New York City  NY"
,"VICKY BAKERY V         HIALEAH        FL"
,"VIOC 050049            MARION         IL"
,"WAGONER'S YOUR         MATTAWAN       MI"
,"WAL-MART  Wal-Mart Sup GULFPORT       MS"
,"WAL-MART  Wal-Mart Sup HUNTSVILLE     AL"
,"WAL-MART #0004         SILOAM SPRING  AR"
,"WAL-MART #0061         WARRENSBURG    MO"
,"WAL-MART #0101         ROLLA          MO"
,"WAL-MART #0472         BROKEN ARROW   OK"
,"WAL-MART #0551         PALATKA        FL"
,"WAL-MART #0572         KILGORE        TX"
,"WAL-MART #0966         CORTEZ         CO"
,"WAL-MART #1173         JACKSONVILLE   FL"
,"WAL-MART #1357         SILVER CITY    NM"
,"WAL-MART #1440         TOOELE         UT"
,"WAL-MART #1460         HASTINGS       NE"
,"WAL-MART #1700         POWAY          CA"
,"WAL-MART #1722         MARSHALL       MN"
,"WAL-MART #2051         KINGMAN        AZ"
,"WAL-MART #2106         RENO           NV"
,"WAL-MART #2330         ROCHESTER      NH"
,"WAL-MART #2481         COAL TOWNSHIP PA"
,"WAL-MART #2725         LEWIS CENTER   OH"
,"WAL-MART #2755         FLOWOOD       MS"
,"WAL-MART #2841         LUMBERTON      NJ"
,"WAL-MART #3236         FREEHOLD       NJ"
,"WAL-MART #3439         NAVARRE        FL"
,"WAL-MART #3622         ROANOKE        VA"
,"WAL-MART #3831         PORTSMOUTH     VA"
,"WAL-MART #4664         CONWAY         SC"
,"WAL-MART #4686         BENTONVILLE    AR"
,"WAL-MART #5191         FORNEY         TX"
,"WAL-MART #5443         INDIANAPOLIS   IN"
,"WAL-MART #5625         BROOKLYN CENT  MN"
,"WAL-MART #5781         CHICAGO        IL"
,"WAL-MART #5925         HUNTSVILLE     AL"
,"Wal-Mart Super Center  AUSTELL        GA"
,"Wal-Mart Super Center  CLEVELAND      TN"
,"Wal-Mart Super Center  COLUMBIA       SC"
,"Wal-Mart Super Center  CULLMAN        AL"
,"Wal-Mart Super Center  DURHAM         NC"
,"Wal-Mart Super Center  FREEHOLD       NJ"
,"Wal-Mart Super Center  HAYS           KS"
,"Wal-Mart Super Center  HOUSTON        TX"
,"Wal-Mart Super Center  HUNTSVILLE     AL"
,"Wal-Mart Super Center  KEWANEE        IL"
,"Wal-Mart Super Center  LAUREL         MS"
,"Wal-Mart Super Center  MOORESVILLE    NC"
,"Wal-Mart Super Center  NILES          MI"
,"Wal-Mart Super Center  PALMYRA        ME"
,"Wal-Mart Super Center  RAPID CITY     SD"
,"Wal-Mart Super Center  ROANOKE        VA"
,"Wal-Mart Super Center  STATESBORO     GA"
,"Wal-Mart Super Center  SYRACUSE       UT"
,"Wal-Mart Super Center  TEGA CAY       SC"
,"WALGREENS #11358       DENVILLE      NJ"
,"WEIS MARKETS 00        BERWICK        PA"
,"WENDY'S #466           INDN HBR BCH  FL"
,"WESCO #6               COLOMA         MI"
,"WHATABURGER 427        AMARILLO      TX"
,"WINNERS CIRCLE 1       MALVERN        AR"
,"WM SUPERC Wal-Mart Sup AMORY          MS"
,"WM SUPERC Wal-Mart Sup ANGOLA         IN"
,"WM SUPERC Wal-Mart Sup ATHENS (E)     GA"
,"WM SUPERC Wal-Mart Sup BARTLETT       TN"
,"WM SUPERC Wal-Mart Sup BATON ROUGE    LA"
,"WM SUPERC Wal-Mart Sup BEREA          KY"
,"WM SUPERC Wal-Mart Sup CONYERS        GA"
,"WM SUPERC Wal-Mart Sup CORAL SPRINGS  FL"
,"WM SUPERC Wal-Mart Sup DANVILLE       KY"
,"WM SUPERC Wal-Mart Sup GRETNA         NE"
,"WM SUPERC Wal-Mart Sup HOUSTON        TX"
,"WM SUPERC Wal-Mart Sup IDAHO FALLS    ID"
,"WM SUPERC Wal-Mart Sup KANSAS CITY    KS"
,"WM SUPERC Wal-Mart Sup KINGMAN        AZ"
,"WM SUPERC Wal-Mart Sup LEAGUE CITY    TX"
,"WM SUPERC Wal-Mart Sup NAVARRE        FL"
,"WM SUPERC Wal-Mart Sup NEENAH         WI"
,"WM SUPERC Wal-Mart Sup NORTH LAS VEG  NV"
,"WM SUPERC Wal-Mart Sup PASCO          WA"
,"WM SUPERC Wal-Mart Sup PINEVILLE      MO"
,"WM SUPERC Wal-Mart Sup RAPID CITY     SD"
,"WM SUPERC Wal-Mart Sup ROCHESTER      NH"
,"WM SUPERC Wal-Mart Sup SAN ANTONIO    TX"
,"WM SUPERC Wal-Mart Sup SAND SPRINGS   OK"
,"WM SUPERC Wal-Mart Sup SNELLVILLE     GA"
,"WM SUPERC Wal-Mart Sup SUPERIOR       WI"
,"WM SUPERC Wal-Mart Sup WAVERLY        IA"
,"WWW.HOTTOPIC.COM       CITY OF INDUS CA"
,"WWW.KITREVIVAL.COM     Antioch       TN"
,"XSOLLA *LUNARCLIENT    H.XSOLLA.COM  CA"
,"Xsolla *Roblox         h.xsolla.com  CA"
,"YourScoreAndMore.com   866-752-5004  CA"
,"ZAXBY'S #53001         SAN MARCOS    TX"]