mcc,mcc_name,gen_name,logo
11,COMMERCE BANK ODP P,agricultural_services,static/icons/agricultural_services.png
701,POSTAGE TRANSACTION CHARGE A,agricultural_services,static/icons/agricultural_services.png
742," Veterinary Services V, M",agricultural_services,static/icons/agricultural_services.png
763," Agricultural Cooperatives V, M",agricultural_services,static/icons/agricultural_services.png
780," Horticultural and Landscaping Services V, M",agricultural_services,static/icons/agricultural_services.png
1520," General Contractors–Residential and Commercial V, M",contracted_services,static/icons/contracted_services.png
1711," Air Conditioning, Heating and Plumbing Contractors V, M",contracted_services,static/icons/contracted_services.png
1731," Electrical Contractors V, M",contracted_services,static/icons/contracted_services.png
1740," Insulation, Masonry, Plastering, Stonework and Tile Setting Contractors",contracted_services,static/icons/contracted_services.png
1750," Carpentry Contractors V, M",contracted_services,static/icons/contracted_services.png
1761," Roofing and Siding, Sheet Metal Work Contractors V, M",contracted_services,static/icons/contracted_services.png
1771," Concrete Work Contractors V, M",contracted_services,static/icons/contracted_services.png
1799," Contractors, Special Trade Contractors–not elsewhere classified",contracted_services,static/icons/contracted_services.png
2741," Miscellaneous Publishing and Printing V, M",contracted_services,static/icons/contracted_services.png
2791," Typesetting, Plate Making and Related Services V, M",contracted_services,static/icons/contracted_services.png
2842," Sanitation, Polishing and Specialty Cleaning Preparations",contracted_services,static/icons/contracted_services.png
3001," American Airlines V, M AMERICAN AIR (V) AMERICAN (M)",airlines,static/icons/airlines.png
3003," Eurofly V, M EUROFLY AIR (V) EUROFLY (M)",airlines,static/icons/airlines.png
3005," British Airways V, M BRITISH AWYS (V) BRITISH A (M)",airlines,static/icons/airlines.png
3007," Air France V, M AIR FRANCE (V) AIR FRAN (M)",airlines,static/icons/airlines.png
3009," Air Canada V, M AIR CANADA (V) AIR CAN (M)",airlines,static/icons/airlines.png
3011," Aeroflot V, M AEROFLOT",airlines,static/icons/airlines.png
3013," Alitalia V, M ALITALIA",airlines,static/icons/airlines.png
3015," Swiss International Air Lines V, M SWISSINTAIR (V) SWISS (M)",airlines,static/icons/airlines.png
3017," South African Airways V, M SAA AIRWAYS (V) SAFRICAN (M)",airlines,static/icons/airlines.png
3018," Varig V, M VARIG",airlines,static/icons/airlines.png
3019, Germanwings TSYS GRMNWNGSAIR,airlines,static/icons/airlines.png
3020," Air India V, M AIR-INDIA (V) AIR-INDI (M)",airlines,static/icons/airlines.png
3021," Air Algerie V, M AIR ALGERIE (V) AIRALGER (M)",airlines,static/icons/airlines.png
3022," Philippine Airlines V, M PAL AIR",airlines,static/icons/airlines.png
3023," Mexicana V, M MEXICANA",airlines,static/icons/airlines.png
3024," Pakistan International V, M PAKISTAN AIR (V) PAKISTAN (M)",airlines,static/icons/airlines.png
3025," Air New Zealand Ltd. International V, M AIR NZ",airlines,static/icons/airlines.png
3026," Emirates Airlines V, M EMIRATES",airlines,static/icons/airlines.png
3027," Union De Transports Aeriens (UTA/interair) V, M UTA AIRLINE (V) UTAAIR (M)",airlines,static/icons/airlines.png
3028," Air Malta V, M AIR MALTA (V) AIRMALTA (M)",airlines,static/icons/airlines.png
3029," SN Brussels Airlines V, M SNBRSSLSAIR (V) SNBRU AIR (M)",airlines,static/icons/airlines.png
3030," Aerolineas Argentinas V, M AERO ARGENT (V) AERO ARG (M)",airlines,static/icons/airlines.png
3031," Olympic Airways V, M OLYMPIC AIR (V) OLYMPICA (M)",airlines,static/icons/airlines.png
3032," El Al V, M EL AL",airlines,static/icons/airlines.png
3033," Ansett Airlines V, M ANSETT AIR (V) ANSETT (M)",airlines,static/icons/airlines.png
3034," Etihadair V, M ETIHADAIR",airlines,static/icons/airlines.png
3035," TAP Air Portugal (TAP) V, M TAP AIR (V) TAP (M)",airlines,static/icons/airlines.png
3036," Viacao Aerea Sao Pãulo (VASP) V, M VASP AIR (V) VASP (M)",airlines,static/icons/airlines.png
3037," Egyptair V, M EGYPTAIR",airlines,static/icons/airlines.png
3038," Kuwait Airways V, M KUWAIT AIR (V) KUWAIT (M)",airlines,static/icons/airlines.png
3039," Avianca V, M AVIANCA",airlines,static/icons/airlines.png
3040," Gulf Air (Bahrain) V, M GULF AIR",airlines,static/icons/airlines.png
3041," Balkan-Bulgarian Airlines V, M BALKAN AIR (V) BALKAN (M)",airlines,static/icons/airlines.png
3042," Finnair V, M FINNAIR",airlines,static/icons/airlines.png
3043," Aer Lingus V, M AER LINGUS (V) AERLING (M)",airlines,static/icons/airlines.png
3044," Air Lanka V, M AIR LANKA",airlines,static/icons/airlines.png
3045," Nigeria Airways V, M NIGERIA AIR (V) NIGERIA (M)",airlines,static/icons/airlines.png
3046," Cruzeiro Do Sul V, M CRUZIERO AIR (V) CRUZIERO (M)",airlines,static/icons/airlines.png
3047," Turk Hava Yollari V, M THY AIRLINE (V) THY (M)",airlines,static/icons/airlines.png
3048," Royal Air Maroc V, M AIR MAROC (V) AIRMARO (M)",airlines,static/icons/airlines.png
3049," Tunis Air V, M TUNIS AIR (V) TUNIS AI (M)",airlines,static/icons/airlines.png
3050," Icelandair V, M ICELANDAIR (V) ICELANDA (M)",airlines,static/icons/airlines.png
3051," Austrian Airlines V, M AUSTRIAN AIR (V) AUSTRIAN (M)",airlines,static/icons/airlines.png
3052," LAN Airlines V, M LAN AIR",airlines,static/icons/airlines.png
3053," Aviacion Y Comercio (AVIACO) V, M AVIACO AIR (V) AVIACO (M)",airlines,static/icons/airlines.png
3054," Linea Aerea Del Cobre (LADECO) V, M LADECO AIR (V) LADECO (M)",airlines,static/icons/airlines.png
3055," Lloyd Aero Boliviano (LAB) V, M LAB AIR (V) LAB (M)",airlines,static/icons/airlines.png
3056," Jet Airways V, M JET AIR",airlines,static/icons/airlines.png
3057," Virgin America V, M VIR AMER",airlines,static/icons/airlines.png
3058," Delta V, M DELTA AIR (V) DELTA (M)",airlines,static/icons/airlines.png
3059," DBA Airline V, M DBA AIR",airlines,static/icons/airlines.png
3060," Northwest Airlines V, M NWA AIR",airlines,static/icons/airlines.png
3061," Continental V, M CONTINENTAL (V) CONTINEN (M)",airlines,static/icons/airlines.png
3062," Hapag-Lloyd Express V, M HLX AIR (V) HLX (M)",airlines,static/icons/airlines.png
3063," US Airways V, M USAIRWAYS (V) USAIRWYS (M)",airlines,static/icons/airlines.png
3064," Adria Airways V, M ADRIA AIR",airlines,static/icons/airlines.png
3065," Airinter V, M AIRINTER",airlines,static/icons/airlines.png
3066," Southwest Airlines V, M SOUTHWESTAIR (V) SOUTHWES (M)",airlines,static/icons/airlines.png
3067," Vanguard Airlines V, M VANGUARD AIR (V) VANGUARD (M)",airlines,static/icons/airlines.png
3068," Air Astana V, M AIR ASTANA (V) AIRSTANA (M)",airlines,static/icons/airlines.png
3069," Sun Country Airlines V, M SUNCTRYAIR (V) SUNCNTRY (M)",airlines,static/icons/airlines.png
3070,PACIFIC SOUTHWEST AIRLINE A,airlines,static/icons/airlines.png
3071," Air British Columbia V, M AIR BC (V) AIR B R C (M)",airlines,static/icons/airlines.png
3072," Cebu Pacific Airlines V, M CEBU PAC",airlines,static/icons/airlines.png
3073,AIR CAL A,airlines,static/icons/airlines.png
3075," Singapore Airlines V, M SINGAPOREAIR (V) SINGAPOR (M)",airlines,static/icons/airlines.png
3076," Aeromexico V, M AEROMEXICO (V) AEROMEXI (M)",airlines,static/icons/airlines.png
3077," Thai Airways V, M THAI AIRWAYS (V) THAIAIRW (M)",airlines,static/icons/airlines.png
3078," China Airlines V, M CHINA AIR (V) CHINAAIR (M)",airlines,static/icons/airlines.png
3079," Jetstar Airways V, M JETSTAR AIR (V) JETSTAR (M)",airlines,static/icons/airlines.png
3081, NordAir TSYS,airlines,static/icons/airlines.png
3082," Korean Airlines V, M KOREAN AIR (V) KOREAN (M)",airlines,static/icons/airlines.png
3083," Air Afrique V, M AIR AFRIQUE (V) AIR AFRIQ (M)",airlines,static/icons/airlines.png
3084," Eva Airways V, M EVA AIR",airlines,static/icons/airlines.png
3085," Midwest Express Airlines V, M MIDWEST EXP (V) MIDWEST (M)",airlines,static/icons/airlines.png
3086, Carnival Airlines V CARNIVAL AIR,airlines,static/icons/airlines.png
3087," Metro Airlines V, M METRO AIR (V) METROAI (M)",airlines,static/icons/airlines.png
3088," Croatia Air V, M CROATIA AIR (V) CROATIA (M)",airlines,static/icons/airlines.png
3089," Transaero V, M TRANSAERO",airlines,static/icons/airlines.png
3090," Uni Airways Corporation V, M UNIAIR",airlines,static/icons/airlines.png
3092,MIDWAY AIRLINES A,airlines,static/icons/airlines.png
3094," Zambia Airways V, M ZAMBIA AIR (V) ZAMBIA A (M)",airlines,static/icons/airlines.png
3095,WARDAIR A,airlines,static/icons/airlines.png
3096," Air Zimbabwe Corp V, M AIR ZIMBABWE (V) AIRZIMBA (M)",airlines,static/icons/airlines.png
3097," Spanair V, M SPANAIR",airlines,static/icons/airlines.png
3098," Asiana Airlines V, M ASIANA AIR (V) ASIANA (M)",airlines,static/icons/airlines.png
3099," Cathay Pacific V, M CATHAYPACAIR (V) CATHAYPA (M)",airlines,static/icons/airlines.png
3100," Malaysian Airline System V, M MALAY AIR (V) MALAY AI (M)",airlines,static/icons/airlines.png
3101,UTA A,airlines,static/icons/airlines.png
3102," Iberia V, M IBERIA AIR (V) IBERIA (M)",airlines,static/icons/airlines.png
3103," Garuda V, M GARUDA AIR (V) GARUDA (M)",airlines,static/icons/airlines.png
3105,PIEDMONT A,airlines,static/icons/airlines.png
3106," Braathens S.A.F.E. V, M BRAATHENS (V) BRAATHEN (M)",airlines,static/icons/airlines.png
3108,WORLD AIRWAYS A,airlines,static/icons/airlines.png
3110, Wings Airways V WINGS AIR,airlines,static/icons/airlines.png
3111," British Midland V, M BRMIDLANDAIR (V)BRITISH M (M)",airlines,static/icons/airlines.png
3112," Windward Island V, M WINDWRDISAIR (V)WINDWARD (M)",airlines,static/icons/airlines.png
3115," Tower Air V, M TOWERAIR",airlines,static/icons/airlines.png
3117," Venezolana International DeAviacion V, M VIASA",airlines,static/icons/airlines.png
3118," Valley Airlines V, M VALLEY AIR",airlines,static/icons/airlines.png
3125,TAN A,airlines,static/icons/airlines.png
3126,TALAIR A,airlines,static/icons/airlines.png
3127,TACA INTERNATIONAL A,airlines,static/icons/airlines.png
3129,SURINAM AIRWAYS A,airlines,static/icons/airlines.png
3130,SUN WORLD INTERNATIONAL A,airlines,static/icons/airlines.png
3131,VLM AIRLINES A,airlines,static/icons/airlines.png
3132,FRONTIER AIRLINES A,airlines,static/icons/airlines.png
3133,SUNBELT AIRLINES A,airlines,static/icons/airlines.png
3135,SUDAN AIRWAYS A,airlines,static/icons/airlines.png
3136,QATAR AIRWAYS A,airlines,static/icons/airlines.png
3137,SINGLETON AIR A,airlines,static/icons/airlines.png
3138,SIMMONS AIRLINES A,airlines,static/icons/airlines.png
3141,SEAIR ALASKA A,airlines,static/icons/airlines.png
3143,SCENIC AIRLINES A,airlines,static/icons/airlines.png
3144,VIRGIN ATLANTIC A,airlines,static/icons/airlines.png
3145,SAN JUAN AIRLINES A,airlines,static/icons/airlines.png
3146,LUXAIR A,airlines,static/icons/airlines.png
3148,AIR LITTORAL SA A,airlines,static/icons/airlines.png
3151,AIR ZAIRE A,airlines,static/icons/airlines.png
3154,PRINCEVILLE A,airlines,static/icons/airlines.png
3156,GO FLY LTD A,airlines,static/icons/airlines.png
3159,PROVINCETONW-BOSTON AIRWAYS (PBA) A,airlines,static/icons/airlines.png
3161,ALL NIPON AIRWAYS A,airlines,static/icons/airlines.png
3164,NORTONAIR A,airlines,static/icons/airlines.png
3165,NEW YORK HELICOPTER A,airlines,static/icons/airlines.png
3167,AERO CONTINENTE - AERO CONT A,airlines,static/icons/airlines.png
3170,MOUNT COOK A,airlines,static/icons/airlines.png
3171,CANADIAN AIRLINES INTERNATIONAL A,airlines,static/icons/airlines.png
3172,NATIONAIR A,airlines,static/icons/airlines.png
3174,JETBLUE AIRLINES A,airlines,static/icons/airlines.png
3175,MIDDLE EAST AIR A,airlines,static/icons/airlines.png
3176,METROFLIGHT AIRLINES A,airlines,static/icons/airlines.png
3177,AIRTRAN AIRWAYS A,airlines,static/icons/airlines.png
3178,MESA AIR A,airlines,static/icons/airlines.png
3180,WESTJETAIR A,airlines,static/icons/airlines.png
3181,MALEV A,airlines,static/icons/airlines.png
3182,LOT (POLAND) A,airlines,static/icons/airlines.png
3183,OMANAIR A,airlines,static/icons/airlines.png
3184,LIAT A,airlines,static/icons/airlines.png
3185,LAV (VENEZUELA) A,airlines,static/icons/airlines.png
3186,LINEAS AEREAS PARAGUAYAS (LAP) A,airlines,static/icons/airlines.png
3187,LACSA (COSTA RICA) A,airlines,static/icons/airlines.png
3188,VIRGINEXPAIR A,airlines,static/icons/airlines.png
3190,JUGOSLAV AIR A,airlines,static/icons/airlines.png
3191,ISLAND AIRLINES A,airlines,static/icons/airlines.png
3192,IRAN AIR A,airlines,static/icons/airlines.png
3193,INDIAN AIRLINES A,airlines,static/icons/airlines.png
3195,HOLIDAY AIRLINES A,airlines,static/icons/airlines.png
3196,HAWAIIAN AIR A,airlines,static/icons/airlines.png
3197,HAVASU AIRLINES A,airlines,static/icons/airlines.png
3198,HARBOR AIRLINES A,airlines,static/icons/airlines.png
3199,SERVICIOS AEREOS MILITARES A,airlines,static/icons/airlines.png
3200,GUYANA AIRWAYS A,airlines,static/icons/airlines.png
3203,GOLDEN PACIFIC AIR A,airlines,static/icons/airlines.png
3204,FREEDOM AIR A,airlines,static/icons/airlines.png
3206,CHINA EASTERN AIRLINES A,airlines,static/icons/airlines.png
3207,EMPRESA ECUATORINANA A,airlines,static/icons/airlines.png
3211,NORWEGIAN AIR SHUTTLE A,airlines,static/icons/airlines.png
3212,DOMINICANA A,airlines,static/icons/airlines.png
3213,MALMO AVIATION A,airlines,static/icons/airlines.png
3215,DAN AIR SERVICES A,airlines,static/icons/airlines.png
3216,CUMBERLAND AIRLINES A,airlines,static/icons/airlines.png
3217,CSA A,airlines,static/icons/airlines.png
3218,CROWN AIR A,airlines,static/icons/airlines.png
3219,COPA A,airlines,static/icons/airlines.png
3220,COMPANIA FAUCETT A,airlines,static/icons/airlines.png
3221,TRANSPORTES AEROS MILITARES ECUATORIANOS A,airlines,static/icons/airlines.png
3222,COMMAND AIRWAYS A,airlines,static/icons/airlines.png
3223,COMAIR A,airlines,static/icons/airlines.png
3226,SKYWAYS AIR A,airlines,static/icons/airlines.png
3228,CAYMAN AIRWAYS A,airlines,static/icons/airlines.png
3229,SAETA - SOCIEDAD ECUATORIANOS DE TRANSPORTES AEREOS A,airlines,static/icons/airlines.png
3231,SAHSA - SERVICIO AERO DE HONDURAS A,airlines,static/icons/airlines.png
3233,CAPITOL AIR A,airlines,static/icons/airlines.png
3234,CARIBBEAN AIRLINES A,airlines,static/icons/airlines.png
3235,BROCKWAY AIR A,airlines,static/icons/airlines.png
3236,AIR ARABIA A,airlines,static/icons/airlines.png
3238,BEMIDJI AVIATION A,airlines,static/icons/airlines.png
3239,BAR HARBOR AIRLINES A,airlines,static/icons/airlines.png
3240,BAHAMASAIR A,airlines,static/icons/airlines.png
3241,AVIATECA (GUATEMALA) A,airlines,static/icons/airlines.png
3242,CARIBBEAN AIRLINES-CARIBBEAN A,airlines,static/icons/airlines.png
3243,AUSTRIAN AIR SERVICE A,airlines,static/icons/airlines.png
3245,EASYJET AIR A,airlines,static/icons/airlines.png
3246,RYANAIR A,airlines,static/icons/airlines.png
3247,GOL AIR A,airlines,static/icons/airlines.png
3248,TAM AIR A,airlines,static/icons/airlines.png
3251,ALOHA AIRLINES A,airlines,static/icons/airlines.png
3252,ALM A,airlines,static/icons/airlines.png
3253,AMERICA WEST A,airlines,static/icons/airlines.png
3254,U.S. AIR SHUTTLE A,airlines,static/icons/airlines.png
3256,ALASKA AIRLINES A,airlines,static/icons/airlines.png
3259,AMERICAN TRANS AIR A,airlines,static/icons/airlines.png
3260,SPIRIT AIRLINES A,airlines,static/icons/airlines.png
3261,AIR CHINA A,airlines,static/icons/airlines.png
3262,"RENO AIR, INC A",airlines,static/icons/airlines.png
3263,AERO SERVICIO CARABOBO - ASERCA A,airlines,static/icons/airlines.png
3266,AIR SEYCHELLES A,airlines,static/icons/airlines.png
3267,AIR PANAMA A,airlines,static/icons/airlines.png
3268,AIR PACIFIC A,airlines,static/icons/airlines.png
3273,RICA HOTELS A,airlines,static/icons/airlines.png
3274,INTER NOR HOTELS A,airlines,static/icons/airlines.png
3275,AIR NEVADA A,airlines,static/icons/airlines.png
3276,AIR MIDWEST A,airlines,static/icons/airlines.png
3277,AIR MADAGASCAR A,airlines,static/icons/airlines.png
3279,AIR LA A,airlines,static/icons/airlines.png
3280,AIR JAMAICA A,airlines,static/icons/airlines.png
3281,AIR DJIBOUTI A,airlines,static/icons/airlines.png
3282,AIR DJIBOUTI A,airlines,static/icons/airlines.png
3284,AERO VIRGIN ISLANDS A,airlines,static/icons/airlines.png
3285,AEROPERU A,airlines,static/icons/airlines.png
3286,AEROLINEAS NICARAGUENSIS A,airlines,static/icons/airlines.png
3287,AERO COACH AVIATION A,airlines,static/icons/airlines.png
3291,ARIANA AFGHAN A,airlines,static/icons/airlines.png
3292,CYPRUS AIRWAYS A,airlines,static/icons/airlines.png
3293,ECUATORIANA A,airlines,static/icons/airlines.png
3294,ETHIOPIAN AIRLINES A,airlines,static/icons/airlines.png
3295,KENYA AIRWAYS A,airlines,static/icons/airlines.png
3296,AIR BERLIN A,airlines,static/icons/airlines.png
3297,TAROM A,airlines,static/icons/airlines.png
3298,AIR MAURITIUS A,airlines,static/icons/airlines.png
3299,WIDEROE'S FLYVESELSKAP A,airlines,static/icons/airlines.png
3351,AFFILIATED AUTO RENTAL A,car_rental,static/icons/car_rental.png
3352,AMERICAN INTERNATIONAL A,car_rental,static/icons/car_rental.png
3353,BROOKS RENT-A-CAR A,car_rental,static/icons/car_rental.png
3354,ACTION AUTO RENTAL A,car_rental,static/icons/car_rental.png
3355,SIXT CAR RENTAL A,car_rental,static/icons/car_rental.png
3357,HERTZ RENT-A-CAR A,car_rental,static/icons/car_rental.png
3359,PAYLESS CAR RENTAL A,car_rental,static/icons/car_rental.png
3360,SNAPPY CAR RENTAL A,car_rental,static/icons/car_rental.png
3361,AIRWAYS RENT-A-CAR A,car_rental,static/icons/car_rental.png
3362,ALTRA AUTO RENTAL A,car_rental,static/icons/car_rental.png
3364,AGENCY RENT-A-CAR A,car_rental,static/icons/car_rental.png
3366,BUDGET RENT-A-CAR A,car_rental,static/icons/car_rental.png
3368,HOLIDAY RENT-A-CAR A,car_rental,static/icons/car_rental.png
3370,RENT-A-WRECK A,car_rental,static/icons/car_rental.png
3374,ACCENT RENT-A-CAR A,car_rental,static/icons/car_rental.png
3376,AJAX RENT-A-CAR A,car_rental,static/icons/car_rental.png
3380,TRIANGLE RENT A CAR A,car_rental,static/icons/car_rental.png
3381,EUROP CAR A,car_rental,static/icons/car_rental.png
3385,TROPICAL RENT-A-CAR A,car_rental,static/icons/car_rental.png
3386,SHOWCASE RENTAL CARS A,car_rental,static/icons/car_rental.png
3387,ALAMO RENT-A-CAR A,car_rental,static/icons/car_rental.png
3388,MERCHANTS RENT-A-CAR A,car_rental,static/icons/car_rental.png
3389,AVIS RENT-A-CAR A,car_rental,static/icons/car_rental.png
3390,DOLLAR RENT-A-CAR A,car_rental,static/icons/car_rental.png
3391,EUROPE BY CAR A,car_rental,static/icons/car_rental.png
3393,NATIONAL CAR RENTAL A,car_rental,static/icons/car_rental.png
3394,KEMWELL GROUP RENT-A-CAR A,car_rental,static/icons/car_rental.png
3395,THRIFTY RENT-A-CAR A,car_rental,static/icons/car_rental.png
3396,TILDEN RENT-A-CAR A,car_rental,static/icons/car_rental.png
3398,ECONO-CAR RENT-A-CAR A,car_rental,static/icons/car_rental.png
3399,AMEREX RENT-A-CAR A,car_rental,static/icons/car_rental.png
3400,AUTO HOST CAR RENTALS A,car_rental,static/icons/car_rental.png
3405,ENTERPRISE RENT-A-CAR A,car_rental,static/icons/car_rental.png
3409,GENERAL RENT-A-CAR A,car_rental,static/icons/car_rental.png
3411,ATLANTA RENT-A-CAR A,car_rental,static/icons/car_rental.png
3412,A-1 RENT-A-CAR A,car_rental,static/icons/car_rental.png
3414,GODFREY NATL RENT-A-CAR A,car_rental,static/icons/car_rental.png
3419,APLHA RENT-A-CAR A,car_rental,static/icons/car_rental.png
3420,ANSA INTL RENT-A-CAR A,car_rental,static/icons/car_rental.png
3421,ALLSTATE RENT-A-CAR A,car_rental,static/icons/car_rental.png
3423,AVCAR RENT-A-CAR A,car_rental,static/icons/car_rental.png
3425,AUTOMATE RENT-A-CAR A,car_rental,static/icons/car_rental.png
3427,AVON RENT-A-CAR A,car_rental,static/icons/car_rental.png
3428,CAREY RENT-A-CAR A,car_rental,static/icons/car_rental.png
3429,INSURANCE RENT-A-CAR A,car_rental,static/icons/car_rental.png
3430,MAJOR RENT-A-CAR A,car_rental,static/icons/car_rental.png
3431,REPLACEMENT RENT-A-CAR A,car_rental,static/icons/car_rental.png
3432,RESERVE RENT-A-CAR A,car_rental,static/icons/car_rental.png
3433,UGLY DUCKLING RENT-A-CAR A,car_rental,static/icons/car_rental.png
3434,USA RENT-A-CAR A,car_rental,static/icons/car_rental.png
3435,VALUE RENT-A-CAR A,car_rental,static/icons/car_rental.png
3436,AUTOHANSA RENT-A-CAR A,car_rental,static/icons/car_rental.png
3437,CITE RENT-A-CAR A,car_rental,static/icons/car_rental.png
3438,INTERENT RENT-A-CAR A,car_rental,static/icons/car_rental.png
3439,MILLEVILLE RENT-A-CAR A,car_rental,static/icons/car_rental.png
3440,VIA ROUTE RENT-A-CAR A,car_rental,static/icons/car_rental.png
3441,ADVANTAGE RENT-A-CAR A,car_rental,static/icons/car_rental.png
3501,Holiday Inns,lodging,static/icons/lodging.png
3502,Best Western,lodging,static/icons/lodging.png
3503,Sheraton,lodging,static/icons/lodging.png
3504,Hilton,lodging,static/icons/lodging.png
3505,FORTE HOTELS A,lodging,static/icons/lodging.png
3506,Golden Tulip,lodging,static/icons/lodging.png
3507,Friendship Inns,lodging,static/icons/lodging.png
3508,Quality International,lodging,static/icons/lodging.png
3509,MARRIOTT HOTELS A,lodging,static/icons/lodging.png
3510,DAYS INNS OR DAYSTOP A,lodging,static/icons/lodging.png
3511,ARABELLA HOTELS A,lodging,static/icons/lodging.png
3512,INTER-CONTINENTAL HOTELS A,lodging,static/icons/lodging.png
3513," Westin Hotels V, M",lodging,static/icons/lodging.png
3514," Amerisuites V, M",lodging,static/icons/lodging.png
3515," Rodeway Inns International V, M",lodging,static/icons/lodging.png
3516," La Quinta Motor Inns V, M",lodging,static/icons/lodging.png
3517," Americana Hotels Corporation V, M",lodging,static/icons/lodging.png
3518," Sol Hotels V, M",lodging,static/icons/lodging.png
3519," PLM/ETAP International V, M",lodging,static/icons/lodging.png
3520," Meridien V, M",lodging,static/icons/lodging.png
3521," Crest Hotels V, M",lodging,static/icons/lodging.png
3522," Tokyo Group V, M",lodging,static/icons/lodging.png
3523," Peninsula Hotels V, M",lodging,static/icons/lodging.png
3524," Welcomgroup V, M",lodging,static/icons/lodging.png
3525," Dunfey Hotels V, M",lodging,static/icons/lodging.png
3526," Prince Hotels V, M",lodging,static/icons/lodging.png
3527," Downtowner Passport V, M",lodging,static/icons/lodging.png
3528," Thunderbird/Red Lion V, M",lodging,static/icons/lodging.png
3529," CP (Canadian Pacific) V, M",lodging,static/icons/lodging.png
3530," Renaissance Hotels V, M",lodging,static/icons/lodging.png
3531," Kauai Coconut Beach Resort V, M",lodging,static/icons/lodging.png
3532," Royal Kona Resort V, M",lodging,static/icons/lodging.png
3533," Park Inn by Radisson V, M",lodging,static/icons/lodging.png
3534," Southern Pacific Hotel V, M",lodging,static/icons/lodging.png
3535," Hilton International V, M",lodging,static/icons/lodging.png
3536," AMFAC Hotels V, M",lodging,static/icons/lodging.png
3537," Ana Hotels V, M",lodging,static/icons/lodging.png
3538," Concorde Hotels V, M",lodging,static/icons/lodging.png
3539," Summerfield Suites Hotel V, M",lodging,static/icons/lodging.png
3540," Iberotel V, M",lodging,static/icons/lodging.png
3541," Hotel Okura V, M",lodging,static/icons/lodging.png
3542," Royal Hotels V, M",lodging,static/icons/lodging.png
3543," Four Seasons V, M",lodging,static/icons/lodging.png
3544," Cigahotels V, M",lodging,static/icons/lodging.png
3545," Shangri-La International V, M",lodging,static/icons/lodging.png
3546," Hotel Sierra V, M",lodging,static/icons/lodging.png
3547, Breakers Resort M,lodging,static/icons/lodging.png
3548," Hotels Melia V, M",lodging,static/icons/lodging.png
3549," Auberge Des Governeurs V, M",lodging,static/icons/lodging.png
3550," Regal 8 Inns V, M",lodging,static/icons/lodging.png
3551," Mirage Hotel and Casino V, M",lodging,static/icons/lodging.png
3552," Coast Hotels V, M",lodging,static/icons/lodging.png
3553," Parks Inns International V, M",lodging,static/icons/lodging.png
3554," Pinehurst Resort V, M",lodging,static/icons/lodging.png
3555," Treasure Island Hotel and Casino V, M",lodging,static/icons/lodging.png
3556," Barton Creek Resort V, M",lodging,static/icons/lodging.png
3557," Manhattan East Suite Hotels V, M",lodging,static/icons/lodging.png
3558," Jolly Hotels V, M",lodging,static/icons/lodging.png
3559," Candlewood Suites V, M",lodging,static/icons/lodging.png
3560," Aladdin Resort and Casino V, M",lodging,static/icons/lodging.png
3561," Golden Nugget V, M",lodging,static/icons/lodging.png
3562," Comfort Hotel International V, M",lodging,static/icons/lodging.png
3563," Journeys End Motels V, M",lodging,static/icons/lodging.png
3564," Sams Town Hotel and Casino V, M",lodging,static/icons/lodging.png
3565," Relax Inns V, M",lodging,static/icons/lodging.png
3566," Garden Place Hotel V, M",lodging,static/icons/lodging.png
3567," Soho Grand Hotel V, M",lodging,static/icons/lodging.png
3568," Ladbroke Hotels V, M",lodging,static/icons/lodging.png
3569," Tribeca Grand Hotel V, M",lodging,static/icons/lodging.png
3570," Grand Met Forum Hotels V, M",lodging,static/icons/lodging.png
3571," Grand Wailea Resort V, M",lodging,static/icons/lodging.png
3572," Miyako Hotel/Kintetsu V, M",lodging,static/icons/lodging.png
3573," Sandman Hotels V, M",lodging,static/icons/lodging.png
3574," Venture Inn V, M",lodging,static/icons/lodging.png
3575," Vagabond Hotels V, M",lodging,static/icons/lodging.png
3576," La Quinta Resort V, M",lodging,static/icons/lodging.png
3577," Mandarin International V, M",lodging,static/icons/lodging.png
3578," Frankenmuth Bavarian V, M",lodging,static/icons/lodging.png
3579," Hotel Mercure V, M",lodging,static/icons/lodging.png
3580," Hotel Del Coronado V, M",lodging,static/icons/lodging.png
3581," Delta Hotels V, M",lodging,static/icons/lodging.png
3582," California Hotel and Casino V, M",lodging,static/icons/lodging.png
3583," Radisson BLU V, M",lodging,static/icons/lodging.png
3584," Princess Hotels International V, M",lodging,static/icons/lodging.png
3585," Hungar Hotels V, M",lodging,static/icons/lodging.png
3586," Sokos Hotel V, M",lodging,static/icons/lodging.png
3587," Doral Hotels V, M",lodging,static/icons/lodging.png
3588," Helmsley Hotels V, M",lodging,static/icons/lodging.png
3589," Doral Golf Resort V, M",lodging,static/icons/lodging.png
3590," Fairmont Hotels Corporation V, M",lodging,static/icons/lodging.png
3591," Sonesta International Hotels V, M",lodging,static/icons/lodging.png
3592," Omni International V, M",lodging,static/icons/lodging.png
3593," Cunard Hotels V, M",lodging,static/icons/lodging.png
3594," Arizona Biltmore V, M",lodging,static/icons/lodging.png
3595," Hospitality Inns V, M",lodging,static/icons/lodging.png
3596," Wynn Las Vegas V, M",lodging,static/icons/lodging.png
3597," Riverside Resort and Casino V, M",lodging,static/icons/lodging.png
3598," Regent Hotels V, M",lodging,static/icons/lodging.png
3599," Pannonia Hotels V, M",lodging,static/icons/lodging.png
3600," Saddlebrook Resort–Tampa V, M",lodging,static/icons/lodging.png
3601," Tradewinds Resort V, M",lodging,static/icons/lodging.png
3602," Hudson Hotel V, M",lodging,static/icons/lodging.png
3603," Noahs Hotel (Melbourne) V, M",lodging,static/icons/lodging.png
3604," Hilton Garden Inn V, M",lodging,static/icons/lodging.png
3605, Jurys Doyle Hotel Group M,lodging,static/icons/lodging.png
3606, Jefferson Hotel M,lodging,static/icons/lodging.png
3607," Fontainebleau Resort V, M",lodging,static/icons/lodging.png
3608," Gaylord Opryland V, M",lodging,static/icons/lodging.png
3609," Gaylord Palms V, M",lodging,static/icons/lodging.png
3610, Gaylord Texan M,lodging,static/icons/lodging.png
3611, C MON INN M,lodging,static/icons/lodging.png
3612," Moevenpick V, M",lodging,static/icons/lodging.png
3613," Microtel Inn and Suites V, M",lodging,static/icons/lodging.png
3614," AmericInn V, M",lodging,static/icons/lodging.png
3615," Travelodge Motels V, M",lodging,static/icons/lodging.png
3616, Hermitage Hotels M,lodging,static/icons/lodging.png
3617," America’s Best Value Inn V, M",lodging,static/icons/lodging.png
3618," Great Wolf V, M",lodging,static/icons/lodging.png
3619," Aloft V, M",lodging,static/icons/lodging.png
3620," Binions Horseshoe Club V, M",lodging,static/icons/lodging.png
3621," Extended Stay V, M",lodging,static/icons/lodging.png
3622," Merlin Hotel (Perth) V, M",lodging,static/icons/lodging.png
3623," Dorint Hotels V, M",lodging,static/icons/lodging.png
3624," Lady Luck Hotel and Casino V, M",lodging,static/icons/lodging.png
3625," Hotel Universal V, M",lodging,static/icons/lodging.png
3626," Studio Plus V, M",lodging,static/icons/lodging.png
3627," Extended Stay America V, M",lodging,static/icons/lodging.png
3628," Excalibur Hotel and Casino V, M",lodging,static/icons/lodging.png
3629," Dan Hotels V, M",lodging,static/icons/lodging.png
3630," Extended Stay Deluxe V, M",lodging,static/icons/lodging.png
3631," Sleep Inn V, M",lodging,static/icons/lodging.png
3632," The Phoenician V, M",lodging,static/icons/lodging.png
3633," Rank Hotels V, M",lodging,static/icons/lodging.png
3634," Swissotel V, M",lodging,static/icons/lodging.png
3635," Reso Hotels V, M",lodging,static/icons/lodging.png
3636," Sarova Hotels V, M",lodging,static/icons/lodging.png
3637," Ramada Inns V, M",lodging,static/icons/lodging.png
3638," Howard Johnson V, M",lodging,static/icons/lodging.png
3639," Mount Charlotte Hotels V, M",lodging,static/icons/lodging.png
3640," Hyatt Hotels/International V, M",lodging,static/icons/lodging.png
3641," Sofitel Hotels V, M",lodging,static/icons/lodging.png
3642," Novotel Sieh (Accor) V, M",lodging,static/icons/lodging.png
3643," Steigenberger V, M",lodging,static/icons/lodging.png
3644," Econo-Travel Motor Hotel V, M",lodging,static/icons/lodging.png
3645," Queens Moat Houses V, M",lodging,static/icons/lodging.png
3646," Swallow Hotels V, M",lodging,static/icons/lodging.png
3647," Grupo Hotels HUSA SA V, M",lodging,static/icons/lodging.png
3648," De Vere Hotels V, M",lodging,static/icons/lodging.png
3649," Radisson V, M",lodging,static/icons/lodging.png
3650," Red Roof Inns V, M",lodging,static/icons/lodging.png
3651," Imperial London Hotels V, M",lodging,static/icons/lodging.png
3652," Embassy Hotels V, M",lodging,static/icons/lodging.png
3653," Penta Hotels V, M",lodging,static/icons/lodging.png
3654," Loews Hotels V, M",lodging,static/icons/lodging.png
3655," Scandic Hotels V, M",lodging,static/icons/lodging.png
3656," Sara Hotels V, M",lodging,static/icons/lodging.png
3657," Oberoi Hotels V, M",lodging,static/icons/lodging.png
3658," New Otani Hotels V, M",lodging,static/icons/lodging.png
3659," Taj Hotels Intl V, M",lodging,static/icons/lodging.png
3660," Knights Inn V, M",lodging,static/icons/lodging.png
3661," Metropole Hotels V, M",lodging,static/icons/lodging.png
3662," Circus Circus Hotel and Casino V, M",lodging,static/icons/lodging.png
3663," Hoteles El Presidente V, M",lodging,static/icons/lodging.png
3664," Flag Inns V, M",lodging,static/icons/lodging.png
3665," Hampton Inns V, M",lodging,static/icons/lodging.png
3666," Stakis Hotels V, M",lodging,static/icons/lodging.png
3667," Luxor Hotel and Casino V, M",lodging,static/icons/lodging.png
3668," Maritim V, M",lodging,static/icons/lodging.png
3669," Eldorado Hotel and Casino V, M",lodging,static/icons/lodging.png
3670," Arcade V, M",lodging,static/icons/lodging.png
3671," Arctia V, M",lodging,static/icons/lodging.png
3672," Campanile V, M",lodging,static/icons/lodging.png
3673," Ibusz Hotels V, M",lodging,static/icons/lodging.png
3674," Rantasipi Hotels V, M",lodging,static/icons/lodging.png
3675," Interhotel Cedok V, M",lodging,static/icons/lodging.png
3676," Monte Carlo Hotel and Casino V, M",lodging,static/icons/lodging.png
3677," Climat De France V, M",lodging,static/icons/lodging.png
3678," Cumulus Hotels V, M",lodging,static/icons/lodging.png
3679," Silver Legacy Hotel and Casino V, M",lodging,static/icons/lodging.png
3680," Hoteis Othan V, M",lodging,static/icons/lodging.png
3681," Adams Mark V, M",lodging,static/icons/lodging.png
3682," Sahara Hotel and Casino V, M",lodging,static/icons/lodging.png
3683," Bradbury Suites V, M",lodging,static/icons/lodging.png
3684," Budget Host Inns V, M",lodging,static/icons/lodging.png
3685," Budgetel V, M",lodging,static/icons/lodging.png
3686," Suisse Chalet V, M",lodging,static/icons/lodging.png
3687," Clarion Hotel V, M",lodging,static/icons/lodging.png
3688," Compri Hotel V, M",lodging,static/icons/lodging.png
3689," Consort V, M",lodging,static/icons/lodging.png
3690," Courtyard by Marriott V, M",lodging,static/icons/lodging.png
3691," Dillon Inn V, M",lodging,static/icons/lodging.png
3692," Doubletree V, M",lodging,static/icons/lodging.png
3693," Drury Inn V, M",lodging,static/icons/lodging.png
3694," Economy Inns Of America V, M",lodging,static/icons/lodging.png
3695," Embassy Suites V, M",lodging,static/icons/lodging.png
3696," Excel Inn V, M",lodging,static/icons/lodging.png
3697," Fairfield Hotel V, M",lodging,static/icons/lodging.png
3698," Harley Hotel V, M",lodging,static/icons/lodging.png
3699," Midway Motor Lodge V, M",lodging,static/icons/lodging.png
3700," Motel 6 V, M",lodging,static/icons/lodging.png
3701," La Mansion Del Rio V, M",lodging,static/icons/lodging.png
3702," Registry Hotels V, M",lodging,static/icons/lodging.png
3703," Residence Inn V, M",lodging,static/icons/lodging.png
3704," Royce Hotel V, M",lodging,static/icons/lodging.png
3705," Sandman Inn V, M",lodging,static/icons/lodging.png
3706," Shilo Inn V, M",lodging,static/icons/lodging.png
3707," Shoneys Inn V, M",lodging,static/icons/lodging.png
3708," Virgin River Hotel and Casino V, M",lodging,static/icons/lodging.png
3709," Super 8 Motel V, M",lodging,static/icons/lodging.png
3710," Ritz-Carlton V, M",lodging,static/icons/lodging.png
3711," Flag Inns (Australia) V, M",lodging,static/icons/lodging.png
3712," Buffalo Bills Hotel and Casino V, M",lodging,static/icons/lodging.png
3713," Quality Pacific Hotel V, M",lodging,static/icons/lodging.png
3714," Four Seasons (Australia) V, M",lodging,static/icons/lodging.png
3715," Fairfield Inn V, M",lodging,static/icons/lodging.png
3716," Carlton Hotels V, M",lodging,static/icons/lodging.png
3717," City Lodge Hotels V, M",lodging,static/icons/lodging.png
3718," Karos Hotels V, M",lodging,static/icons/lodging.png
3719," Protea Hotels V, M",lodging,static/icons/lodging.png
3720," Southern Sun Hotels V, M",lodging,static/icons/lodging.png
3721," Conrad Hotels V, M",lodging,static/icons/lodging.png
3722," Wyndham V, M",lodging,static/icons/lodging.png
3723," Rica Hotels V, M",lodging,static/icons/lodging.png
3724," Inter Nor Hotels V, M",lodging,static/icons/lodging.png
3725," Sea Pines Resort V, M",lodging,static/icons/lodging.png
3726," Rio Suites V, M",lodging,static/icons/lodging.png
3727," Broadmoor Hotel V, M",lodging,static/icons/lodging.png
3728," Ballys Hotel and Casino V, M",lodging,static/icons/lodging.png
3729," John Ascuagas Nugget V, M",lodging,static/icons/lodging.png
3730," MGM Grand Hotel V, M",lodging,static/icons/lodging.png
3731," Harrah’s Hotels and Casinos V, M",lodging,static/icons/lodging.png
3732," Opryland Hotel V, M",lodging,static/icons/lodging.png
3733, Boca Raton Resort M,lodging,static/icons/lodging.png
3734," Harvey Bristol Hotels V, M",lodging,static/icons/lodging.png
3735," Masters Economy Inns V, M",lodging,static/icons/lodging.png
3736," Colorado Belle Edgewater Resort V, M",lodging,static/icons/lodging.png
3737," Riviera Hotel and Casino V, M",lodging,static/icons/lodging.png
3738," Tropicana Resort and Casino V, M",lodging,static/icons/lodging.png
3739," Woodside Hotels and Resorts V, M",lodging,static/icons/lodging.png
3740," Towneplace Suites V, M",lodging,static/icons/lodging.png
3741," Millennium Broadway Hotel V, M",lodging,static/icons/lodging.png
3742," Club Med V, M",lodging,static/icons/lodging.png
3743," Biltmore Hotel and Suites V, M",lodging,static/icons/lodging.png
3744," Carefree Resorts V, M",lodging,static/icons/lodging.png
3745," St. Regis Hotel V, M",lodging,static/icons/lodging.png
3746," The Eliot Hotel V, M",lodging,static/icons/lodging.png
3747," Club Corporation/Club Resorts V, M",lodging,static/icons/lodging.png
3748," Wellesley Inns V, M",lodging,static/icons/lodging.png
3749," Beverly Hills Hotel V, M",lodging,static/icons/lodging.png
3750," Crowne Plaza Hotels V, M",lodging,static/icons/lodging.png
3751," Homewood Suites V, M",lodging,static/icons/lodging.png
3752," Peabody Hotels V, M",lodging,static/icons/lodging.png
3753," Greenbriar Resorts V, M",lodging,static/icons/lodging.png
3754," Amelia Island Plantation V, M",lodging,static/icons/lodging.png
3755," Homestead V, M",lodging,static/icons/lodging.png
3756,SOUTH SEAS RESORTS A,lodging,static/icons/lodging.png
3757, Canyon Ranch TSYS,lodging,static/icons/lodging.png
3758," Kahala Mandarin Oriental Hotel V, M",lodging,static/icons/lodging.png
3759," Orchid At Mauna Lai V, M",lodging,static/icons/lodging.png
3760," Halekulani Hotel/Waikiki Parc V, M",lodging,static/icons/lodging.png
3761," Primadonna Hotel and Casino V, M",lodging,static/icons/lodging.png
3762," Whiskey Pete’s Hotel and Casino V, M",lodging,static/icons/lodging.png
3763," Chateau Elan Winery and Resort V, M",lodging,static/icons/lodging.png
3764," Beau Rivage Hotel and Casino V, M",lodging,static/icons/lodging.png
3765," Bellagio V, M",lodging,static/icons/lodging.png
3766," Fremont Hotel and Casino V, M",lodging,static/icons/lodging.png
3767," Main Street Station Hotel and Casino V, M",lodging,static/icons/lodging.png
3768," Silver Star Hotel and Casino V, M",lodging,static/icons/lodging.png
3769," Stratosphere Hotel and Casino V, M",lodging,static/icons/lodging.png
3770," Springhill Suites V, M",lodging,static/icons/lodging.png
3771," Caesars Hotel and Casino V, M",lodging,static/icons/lodging.png
3772," Nemacolin Woodlands V, M",lodging,static/icons/lodging.png
3773," Venetian Resort Hotel and Casino V, M",lodging,static/icons/lodging.png
3774," New York-New York Hotel and Casino V, M",lodging,static/icons/lodging.png
3775," Sands Resort V, M",lodging,static/icons/lodging.png
3776," Nevele Grande Resort and Country Club V, M",lodging,static/icons/lodging.png
3777," Mandalay Bay Resort V, M",lodging,static/icons/lodging.png
3778," Four Points Hotels V, M",lodging,static/icons/lodging.png
3779," W Hotels V, M",lodging,static/icons/lodging.png
3780," Disneyland Resorts V, M",lodging,static/icons/lodging.png
3781," Patricia Grand Resort Hotels V, M",lodging,static/icons/lodging.png
3782," Rosen Hotel and Resorts V, M",lodging,static/icons/lodging.png
3783," Town and Country Resort and Convention Center V, M",lodging,static/icons/lodging.png
3784," First Hospitality Hotels V, M",lodging,static/icons/lodging.png
3785," Outrigger Hotels and Resorts V, M",lodging,static/icons/lodging.png
3786," Ohana Hotels of Hawaii V, M",lodging,static/icons/lodging.png
3787," Caribe Royal Resort Suite and Villas V, M",lodging,static/icons/lodging.png
3788," Ala Moana Hotel V, M",lodging,static/icons/lodging.png
3789," Smugglers Notch Resort V, M",lodging,static/icons/lodging.png
3790," Raffles Hotels V, M",lodging,static/icons/lodging.png
3791," Staybridge Suites V, M",lodging,static/icons/lodging.png
3792," Claridge Casino Hotel V, M",lodging,static/icons/lodging.png
3793," The Flamingo Hotels V, M",lodging,static/icons/lodging.png
3794," Grand Casino Hotels V, M",lodging,static/icons/lodging.png
3795," Paris Las Vegas Hotel V, M",lodging,static/icons/lodging.png
3796," Peppermill Hotel Casino V, M",lodging,static/icons/lodging.png
3797," Atlantic City Hilton V, M",lodging,static/icons/lodging.png
3798," Embassy Vacation Resort V, M",lodging,static/icons/lodging.png
3799," Hale Koa Hotel V, M",lodging,static/icons/lodging.png
3800," Homestead Suites V, M",lodging,static/icons/lodging.png
3801," Wilderness Hotel and Resort V, M",lodging,static/icons/lodging.png
3802," The Palace Hotel V, M",lodging,static/icons/lodging.png
3803, The Wigwam Golf Resort and Spa M,lodging,static/icons/lodging.png
3804, The Diplomat Country Club and Spa M,lodging,static/icons/lodging.png
3805, The Atlantic M,lodging,static/icons/lodging.png
3806, Princeville Resort M,lodging,static/icons/lodging.png
3807," Element V, M",lodging,static/icons/lodging.png
3808," LXR (Luxury Resorts) V, M",lodging,static/icons/lodging.png
3809, Settle Inn M,lodging,static/icons/lodging.png
3810, La Costa Resort M,lodging,static/icons/lodging.png
3811," Premier Travel Inns V, M",lodging,static/icons/lodging.png
3812," Hyatt Place V, M",lodging,static/icons/lodging.png
3813," Hotel Indigo V, M",lodging,static/icons/lodging.png
3814," The Roosevelt Hotel NY V, M",lodging,static/icons/lodging.png
3815," Nickelodeon Family Suites by Holiday Inn V, M",lodging,static/icons/lodging.png
3816," Home2Suites V, M",lodging,static/icons/lodging.png
3817, Affinia M,lodging,static/icons/lodging.png
3818," Mainstay Suites V, M",lodging,static/icons/lodging.png
3819," Oxford Suites V, M",lodging,static/icons/lodging.png
3820," Jumeirah Essex House V, M",lodging,static/icons/lodging.png
3821," Caribe Royal V, M",lodging,static/icons/lodging.png
3822," Crossland V, M",lodging,static/icons/lodging.png
3823," Grand Sierra Resort V, M",lodging,static/icons/lodging.png
3824," Aria V, M",lodging,static/icons/lodging.png
3825," Vdara V, M",lodging,static/icons/lodging.png
3826," Autograph V, M",lodging,static/icons/lodging.png
3827," Galt House V, M",lodging,static/icons/lodging.png
3828," Cosmopolitan of Las Vegas V, M",lodging,static/icons/lodging.png
3829," Country Inn By Carlson V, M",lodging,static/icons/lodging.png
3830," Park Plaza Hotel V, M",lodging,static/icons/lodging.png
3831," Waldorf V,M",lodging,static/icons/lodging.png
4011," Railroads–Freight V, M",transportation_services,static/icons/transportation_services.png
4111," Transportation–Suburban and Local Commuter Passenger, including Ferries",transportation_services,static/icons/transportation_services.png
4112," Passenger Railways V, M",transportation_services,static/icons/transportation_services.png
4119," Ambulance Services V, M",transportation_services,static/icons/transportation_services.png
4121," Taxicabs and Limousines V, M",transportation_services,static/icons/transportation_services.png
4131," Bus Lines V, M",transportation_services,static/icons/transportation_services.png
4214," Motor Freight Carriers,Trucking–Local/Long Distance, Moving and Storage Companies, Local Delivery",transportation_services,static/icons/transportation_services.png
4215," Courier Services–Air and Ground, Freight Forwarders V, M",transportation_services,static/icons/transportation_services.png
4225," Public Warehousing–Farm Products, Refrigerated Goods, Household Goods Storage",transportation_services,static/icons/transportation_services.png
4411," Cruise Lines V, M",transportation_services,static/icons/transportation_services.png
4457," Boat Leases and Boat Rentals V, M",transportation_services,static/icons/transportation_services.png
4468," Marinas, Marine Service/Supplies V, M",transportation_services,static/icons/transportation_services.png
4511," Air Carriers, Airlines–not elsewhere classified V, M",transportation_services,static/icons/transportation_services.png
4582," Airports, Airport Terminals, Flying Fields V, M",transportation_services,static/icons/transportation_services.png
4722," Travel Agencies and Tour Operators V, M",transportation_services,static/icons/transportation_services.png
4723, Package Tour Operators (Germany Only) V,transportation_services,static/icons/transportation_services.png
4761," Telemarketing of Travel Related Services and Vitamins, TSYS",transportation_services,static/icons/transportation_services.png
4784," Bridge and Road Fees, Tolls V, M",transportation_services,static/icons/transportation_services.png
4789," Transportation Services Not Elsewhere Classified V, M",transportation_services,static/icons/transportation_services.png
4812, Telecommunication Equipment Including Telephone Sales,utility_services,static/icons/utility_services.png
4813, Key-Entry Telecom Merchant providing single local and long-distance phone calls using a central access number in a non-face-to-face environment using key entry,utility_services,static/icons/utility_services.png
4814, - Telecommunication Services including but not limited to prepaid phone services and recurring limited to prepaid phone services and recurring,utility_services,static/icons/utility_services.png
4815,Visaphone,utility_services,static/icons/utility_services.png
4816," Computer Network/Information Services V, M",utility_services,static/icons/utility_services.png
4821," Telegraph Services V, M",utility_services,static/icons/utility_services.png
4829," Wire Transfer Money Orders (V, D, G, X) Money Transfer (M)",utility_services,static/icons/utility_services.png
4899," Cable, Satellite, and Other Pay Television and Radio Services",utility_services,static/icons/utility_services.png
4900," Utilities–Electric, Gas, Heating Oil, Sanitary, Water V, M",utility_services,static/icons/utility_services.png
5013," Motor Vehicle Supplies and New Parts V, M",retail_outlet_services,static/icons/retail_outlet_services.png
5021," Office and Commercial Furniture V, M",retail_outlet_services,static/icons/retail_outlet_services.png
5039," Construction Materials Not Elsewhere Classified V, M",retail_outlet_services,static/icons/retail_outlet_services.png
5044," Office, Photographic, Photocopy and Microfilm Equipment",retail_outlet_services,static/icons/retail_outlet_services.png
5045," Computers, Computer Peripheral Equipment, Software",retail_outlet_services,static/icons/retail_outlet_services.png
5046," Commercial Equipment Not Elsewhere Classified V, M",retail_outlet_services,static/icons/retail_outlet_services.png
5047, Dental/Laboratory/Medical/Ophthalmic Hospital Equipment and Supplies,retail_outlet_services,static/icons/retail_outlet_services.png
5051," Metal Service Centers and Offices V, M",retail_outlet_services,static/icons/retail_outlet_services.png
5065," Electrical Parts and Equipment V, M",retail_outlet_services,static/icons/retail_outlet_services.png
5072," Hardware Equipment and Supplies V, M",retail_outlet_services,static/icons/retail_outlet_services.png
5074," Plumbing and Heating Equipment V, M",retail_outlet_services,static/icons/retail_outlet_services.png
5085," Industrial Supplies Not Elsewhere Classified V, M",retail_outlet_services,static/icons/retail_outlet_services.png
5094," Precious Stones and Metals, Watches and Jewelry V, M",retail_outlet_services,static/icons/retail_outlet_services.png
5099," Durable Goods Not Elsewhere Classified V, M",retail_outlet_services,static/icons/retail_outlet_services.png
5111," Stationery, Office Supplies, Printing and Writing Paper",retail_outlet_services,static/icons/retail_outlet_services.png
5122," Drugs, Drug Proprietors and Druggists Sundries V, M",retail_outlet_services,static/icons/retail_outlet_services.png
5131," Piece Goods, Notions, and Other Dry Goods V, M",retail_outlet_services,static/icons/retail_outlet_services.png
5137," Men’s, Women’s and Children’s Uniforms and Commercial Clothing",retail_outlet_services,static/icons/retail_outlet_services.png
5139," Commercial Footware V, M",retail_outlet_services,static/icons/retail_outlet_services.png
5169, Chemicals and Allied Products Not Elsewhere Classified,retail_outlet_services,static/icons/retail_outlet_services.png
5172," Petroleum and Petroleum Products V, M",retail_outlet_services,static/icons/retail_outlet_services.png
5192," Books, Periodicals and Newspapers V, M",retail_outlet_services,static/icons/retail_outlet_services.png
5193," Florists Supplies, Nursery Stock and Flowers V, M",retail_outlet_services,static/icons/retail_outlet_services.png
5198," Paints, Varnishes and Supplies V, M",retail_outlet_services,static/icons/retail_outlet_services.png
5199," Non-Durable Goods Not Elsewhere Classified V, M",retail_outlet_services,static/icons/retail_outlet_services.png
5211," Building Materials, Lumber Stores V, M",retail_outlet_services,static/icons/retail_outlet_services.png
5231," Glass, Paint, Wallpaper Stores V, M",retail_outlet_services,static/icons/retail_outlet_services.png
5251," Hardware Stores V, M",retail_outlet_services,static/icons/retail_outlet_services.png
5261," Lawn and Garden Supply Stores V, M",retail_outlet_services,static/icons/retail_outlet_services.png
5271," Mobile Home Dealers V, M",retail_outlet_services,static/icons/retail_outlet_services.png
5299, Warehouse Club Gas TSYS,retail_outlet_services,static/icons/retail_outlet_services.png
5300," Wholesale Clubs V, M",retail_outlet_services,static/icons/retail_outlet_services.png
5309," Duty Free Stores V, M",retail_outlet_services,static/icons/retail_outlet_services.png
5310," Discount Stores V, M",retail_outlet_services,static/icons/retail_outlet_services.png
5311," Department Stores V, M",retail_outlet_services,static/icons/retail_outlet_services.png
5331," Variety Stores V, M",retail_outlet_services,static/icons/retail_outlet_services.png
5399," Miscellaneous General Merchandise Stores V, M",retail_outlet_services,static/icons/retail_outlet_services.png
5411," Grocery Stores, Supermarkets V, M",retail_outlet_services,static/icons/retail_outlet_services.png
5422," Freezer and Locker Meat Provisioners V, M",retail_outlet_services,static/icons/retail_outlet_services.png
5441," Candy, Nut and Confectionery Stores V, M",retail_outlet_services,static/icons/retail_outlet_services.png
5451," Dairy Products Stores V, M",retail_outlet_services,static/icons/retail_outlet_services.png
5462," Bakeries V, M",retail_outlet_services,static/icons/retail_outlet_services.png
5499," Miscellaneous Food Stores–Convenience Stores, Markets, Specialty Stores, and Vending Machines",retail_outlet_services,static/icons/retail_outlet_services.png
5511," Automobile and Truck Dealers–Sales, Service, Repairs, Parts and Leasing",retail_outlet_services,static/icons/retail_outlet_services.png
5521," Automobile and Truck Dealers–(Used Only)–Sales V, M",retail_outlet_services,static/icons/retail_outlet_services.png
5531,Auto and home supply stores (no longer valid MCC),retail_outlet_services,static/icons/retail_outlet_services.png
5532," Automotive Tire Stores V, M",retail_outlet_services,static/icons/retail_outlet_services.png
5533," Automotive Parts and Accessories Stores V, M",retail_outlet_services,static/icons/retail_outlet_services.png
5541, Service Stations (With or Without Ancillary Services),retail_outlet_services,static/icons/retail_outlet_services.png
5542," Fuel Dispenser, Automated V, M",retail_outlet_services,static/icons/retail_outlet_services.png
5551," Boat Dealers V, M",retail_outlet_services,static/icons/retail_outlet_services.png
5561," Camper Dealers, Recreational and Utility Trailers V, M",retail_outlet_services,static/icons/retail_outlet_services.png
5571," Motorcycle Shops and Dealers V, M",retail_outlet_services,static/icons/retail_outlet_services.png
5592," Motor Home Dealers V, M",retail_outlet_services,static/icons/retail_outlet_services.png
5598," Snowmobile Dealers V, M",retail_outlet_services,static/icons/retail_outlet_services.png
5599," Miscellaneous Automotive, Aircraft, and Farm Equipment Dealers–Not Elsewhere Classified",retail_outlet_services,static/icons/retail_outlet_services.png
5611," Men’s and Boys’ Clothing and Accessories Stores V, M",clothing_stores,static/icons/clothing_stores.png
5621," Women’s Ready to Wear Stores V, M",clothing_stores,static/icons/clothing_stores.png
5631," Women’s Accessory and Specialty Stores V, M",clothing_stores,static/icons/clothing_stores.png
5641," Children’s and Infants’ Wear Stores V, M",clothing_stores,static/icons/clothing_stores.png
5651," Family Clothing Stores V, M",clothing_stores,static/icons/clothing_stores.png
5655," Sports Apparel, and Riding Apparel Stores V, M",clothing_stores,static/icons/clothing_stores.png
5661," Shoe Stores V, M",clothing_stores,static/icons/clothing_stores.png
5681," Furriers and Fur Shops V, M",clothing_stores,static/icons/clothing_stores.png
5691," Men’s and Women’s Clothing Stores V, M",clothing_stores,static/icons/clothing_stores.png
5697," Alterations, Mending, Seamstresses, Tailors V, M",clothing_stores,static/icons/clothing_stores.png
5698," Wig and Toupee Shops V, M",clothing_stores,static/icons/clothing_stores.png
5699," Accessory and Apparel Stores–Miscellaneous V, M",clothing_stores,static/icons/clothing_stores.png
5712," Equipment, Furniture and Home Furnishings Stores (except Appliances)",miscellaneous_stores,static/icons/miscellaneous_stores.png
5713," Floor Covering Stores V, M",miscellaneous_stores,static/icons/miscellaneous_stores.png
5714," Drapery, Upholstery and Window Coverings Stores V, M",miscellaneous_stores,static/icons/miscellaneous_stores.png
5718," Fireplace, Fireplace Screens and Accessories Stores V, M",miscellaneous_stores,static/icons/miscellaneous_stores.png
5719," Miscellaneous House Furnishing Specialty Shops V, M",miscellaneous_stores,static/icons/miscellaneous_stores.png
5722," Household Appliance Stores V, M",miscellaneous_stores,static/icons/miscellaneous_stores.png
5732," Electronics Sales V, M",miscellaneous_stores,static/icons/miscellaneous_stores.png
5733," Music Stores–Musical Instruments, Pianos and Sheet Music",miscellaneous_stores,static/icons/miscellaneous_stores.png
5734," Computer Software Stores V, M",miscellaneous_stores,static/icons/miscellaneous_stores.png
5735," Record Shops V, M",miscellaneous_stores,static/icons/miscellaneous_stores.png
5811," Caterers V, M",miscellaneous_stores,static/icons/miscellaneous_stores.png
5812," Eating Places and Restaurants V, M",miscellaneous_stores,static/icons/miscellaneous_stores.png
5813," Bars, Cocktail Lounges, Discotheques, Nightclubs and Taverns–Drinking Places (Alcoholic Beverages)",miscellaneous_stores,static/icons/miscellaneous_stores.png
5814," Fast Food Restaurants V, M",miscellaneous_stores,static/icons/miscellaneous_stores.png
5815," Digital Goods: Books, Movies, Music V, M",miscellaneous_stores,static/icons/miscellaneous_stores.png
5816," Digital Goods: Games V, M",miscellaneous_stores,static/icons/miscellaneous_stores.png
5817," Digital Goods: Applications (Excludes Games) V, M",miscellaneous_stores,static/icons/miscellaneous_stores.png
5818, Digital Goods: Large Digital Goods Merchant (V) Digital Goods: Multi-Category (M),miscellaneous_stores,static/icons/miscellaneous_stores.png
5912," Drug Stores and Pharmacies V, M",miscellaneous_stores,static/icons/miscellaneous_stores.png
5921," Package Stores–Beer, Wine and Liquor V, M",miscellaneous_stores,static/icons/miscellaneous_stores.png
5931," Second Hand Stores, Used Merchandise Stores V, M",miscellaneous_stores,static/icons/miscellaneous_stores.png
5932," Antique Shops–Sales, Repairs and Restoration Services",miscellaneous_stores,static/icons/miscellaneous_stores.png
5933," Pawn Shops V, M",miscellaneous_stores,static/icons/miscellaneous_stores.png
5935," Wrecking and Salvage Yards V, M",miscellaneous_stores,static/icons/miscellaneous_stores.png
5937," Antique Reproduction Stores V, M",miscellaneous_stores,static/icons/miscellaneous_stores.png
5940," Bicycle Shops–Sales and Service V, M",miscellaneous_stores,static/icons/miscellaneous_stores.png
5941," Sporting Goods Stores V, M",miscellaneous_stores,static/icons/miscellaneous_stores.png
5942," Book Stores V, M",miscellaneous_stores,static/icons/miscellaneous_stores.png
5943," Office, School Supply and Stationery Stores V, M",miscellaneous_stores,static/icons/miscellaneous_stores.png
5944," Clock, Jewelry, Watch and Silverware Stores V, M",miscellaneous_stores,static/icons/miscellaneous_stores.png
5945," Game, Toy and Hobby Shops V, M",miscellaneous_stores,static/icons/miscellaneous_stores.png
5946," Camera and Photographic Supply Stores V, M",miscellaneous_stores,static/icons/miscellaneous_stores.png
5947," Card, Gift, Novelty and Souvenir Shops V, M",miscellaneous_stores,static/icons/miscellaneous_stores.png
5948," Leather Goods and Luggage Stores V, M",miscellaneous_stores,static/icons/miscellaneous_stores.png
5949," Fabric, Needlework, Piece Goods and Sewing Stores V, M",miscellaneous_stores,static/icons/miscellaneous_stores.png
5950," Crystal and Glassware Stores V, M",miscellaneous_stores,static/icons/miscellaneous_stores.png
5960," Direct Marketing Insurance Services V, M",miscellaneous_stores,static/icons/miscellaneous_stores.png
5961, Mail Order Houses Including Catalog Order Stores TSYS,miscellaneous_stores,static/icons/miscellaneous_stores.png
5962, Direct Marketing–Travel Related Arrangement Services,miscellaneous_stores,static/icons/miscellaneous_stores.png
5963," Door-to-Door Sales V, M",miscellaneous_stores,static/icons/miscellaneous_stores.png
5964," Direct Marketing–Catalog Merchants V, M",miscellaneous_stores,static/icons/miscellaneous_stores.png
5965, Direct Marketing–Combination Catalog and Retail Merchant,miscellaneous_stores,static/icons/miscellaneous_stores.png
5966," Direct Marketing–Outbound Telemarketing Merchants V, M",miscellaneous_stores,static/icons/miscellaneous_stores.png
5967," Direct Marketing–Inbound Telemarketing Merchants V, M",miscellaneous_stores,static/icons/miscellaneous_stores.png
5968," Direct Marketing–Continuity/Subscription Merchants V, M",miscellaneous_stores,static/icons/miscellaneous_stores.png
5969, Direct Marketing–Other Direct Marketers–Not Elsewhere Classified,miscellaneous_stores,static/icons/miscellaneous_stores.png
5970," Artist Supply Stores, Craft Shops V, M",miscellaneous_stores,static/icons/miscellaneous_stores.png
5971," Art Dealers and Galleries V, M",miscellaneous_stores,static/icons/miscellaneous_stores.png
5972, Stamp and Coin Stores–Philatelic and Numismatic Supplies,miscellaneous_stores,static/icons/miscellaneous_stores.png
5973," Religious Goods Stores V, M",miscellaneous_stores,static/icons/miscellaneous_stores.png
5974, Rubber Stamp Store TSYS,miscellaneous_stores,static/icons/miscellaneous_stores.png
5975," Hearing Aids–Sales, Service, Supply Stores V, M",miscellaneous_stores,static/icons/miscellaneous_stores.png
5976," Orthopedic Goods–Artificial Limb Stores V, M",miscellaneous_stores,static/icons/miscellaneous_stores.png
5977," Cosmetic Stores V, M",miscellaneous_stores,static/icons/miscellaneous_stores.png
5978," Typewriter Stores–Rentals, Sales, Service V, M",miscellaneous_stores,static/icons/miscellaneous_stores.png
5983," Fuel Dealers–Coal, Fuel Oil, Liquefied Petroleum, Wood",miscellaneous_stores,static/icons/miscellaneous_stores.png
5992," Florists V, M",miscellaneous_stores,static/icons/miscellaneous_stores.png
5993," Cigar Stores and Stands V, M",miscellaneous_stores,static/icons/miscellaneous_stores.png
5994," News Dealers and Newsstands V, M",miscellaneous_stores,static/icons/miscellaneous_stores.png
5995," Pet Shops, Pet Food and Supplies V, M",miscellaneous_stores,static/icons/miscellaneous_stores.png
5996," Swimming Pools–Sales and Supplies V, M",miscellaneous_stores,static/icons/miscellaneous_stores.png
5997," Electric Razor Stores–Sales and Service V, M",miscellaneous_stores,static/icons/miscellaneous_stores.png
5998," Tent and Awning Shops V, M",miscellaneous_stores,static/icons/miscellaneous_stores.png
5999," Miscellaneous and Specialty Retail Stores V, M",miscellaneous_stores,static/icons/miscellaneous_stores.png
6010, Member Financial Institution–Manual Cash Disbursements,miscellaneous_stores,static/icons/miscellaneous_stores.png
6011, Member Financial Institution–Automated Cash Disbursements,miscellaneous_stores,static/icons/miscellaneous_stores.png
6012, Member Financial Institution–Merchandise And Services,miscellaneous_stores,static/icons/miscellaneous_stores.png
6050, Quasi Cash–Member Financial Institution M,miscellaneous_stores,static/icons/miscellaneous_stores.png
6051," Quasi Cash–Merchant V, M",miscellaneous_stores,static/icons/miscellaneous_stores.png
6211," Securities–Brokers and Dealers V, M",miscellaneous_stores,static/icons/miscellaneous_stores.png
6236, Aero Servicio Carabobo TSYS,miscellaneous_stores,static/icons/miscellaneous_stores.png
6300," Insurance Sales, Underwriting and Premiums V, M",miscellaneous_stores,static/icons/miscellaneous_stores.png
6381, Insurance–Premiums TSYS,miscellaneous_stores,static/icons/miscellaneous_stores.png
6513," Real Estate Agents and Managers–Rentals V, M",miscellaneous_stores,static/icons/miscellaneous_stores.png
6529, Remote Stored Value Load — Member Financial Institution,miscellaneous_stores,static/icons/miscellaneous_stores.png
6530, Remove Stored Value Load — Merchant TSYS,miscellaneous_stores,static/icons/miscellaneous_stores.png
6535, Value Purchase–Member Financial Institution TSYS,miscellaneous_stores,static/icons/miscellaneous_stores.png
6536, MoneySend Intracountry M,miscellaneous_stores,static/icons/miscellaneous_stores.png
6537, MoneySend Intercountry M,miscellaneous_stores,static/icons/miscellaneous_stores.png
6538, MoneySend Funding M,miscellaneous_stores,static/icons/miscellaneous_stores.png
6539, Funding Transaction (Excluding MoneySend) M,miscellaneous_stores,static/icons/miscellaneous_stores.png
6540, POI (Point of Interaction) Funding Transactions (Excluding MoneySend),miscellaneous_stores,static/icons/miscellaneous_stores.png
6611, Overpayments TSYS,miscellaneous_stores,static/icons/miscellaneous_stores.png
6760, Savings Bonds TSYS,miscellaneous_stores,static/icons/miscellaneous_stores.png
7011," Lodging–Hotels, Motels, Resorts–not elsewhere classified",miscellaneous_stores,static/icons/miscellaneous_stores.png
7012," Timeshares V, M",miscellaneous_stores,static/icons/miscellaneous_stores.png
7032," Sporting and Recreational Camps V, M",miscellaneous_stores,static/icons/miscellaneous_stores.png
7033," Campgrounds and Trailer Parks V, M",miscellaneous_stores,static/icons/miscellaneous_stores.png
7210," Cleaning, Garment and Laundry Services V, M",miscellaneous_stores,static/icons/miscellaneous_stores.png
7211," Laundry Services–Family and Commercial V, M",miscellaneous_stores,static/icons/miscellaneous_stores.png
7216," Dry Cleaners V, M",miscellaneous_stores,static/icons/miscellaneous_stores.png
7217," Carpet and Upholstery Cleaning V, M",miscellaneous_stores,static/icons/miscellaneous_stores.png
7221," Photographic Studios V, M",miscellaneous_stores,static/icons/miscellaneous_stores.png
7230," Barber and Beauty Shops V, M",miscellaneous_stores,static/icons/miscellaneous_stores.png
7251," Hat Cleaning Shops, Shoe Repair Shops, Shoe Shine Parlors",miscellaneous_stores,static/icons/miscellaneous_stores.png
7261," Funeral Service and Crematories V, M",miscellaneous_stores,static/icons/miscellaneous_stores.png
7273," Dating Services V, M",miscellaneous_stores,static/icons/miscellaneous_stores.png
7276," Tax Preparation Service V, M",miscellaneous_stores,static/icons/miscellaneous_stores.png
7277," Debt, Marriage, Personal–Counseling Services V, M",miscellaneous_stores,static/icons/miscellaneous_stores.png
7278," Buying/Shopping Clubs, Services V, M",miscellaneous_stores,static/icons/miscellaneous_stores.png
7280, Hospital Patient-Personal Funds Withdrawal TSYS,miscellaneous_stores,static/icons/miscellaneous_stores.png
7296,"Clothing rental - costumes, uniforms, and formal wear",miscellaneous_stores,static/icons/miscellaneous_stores.png
7297,Massage parlors,miscellaneous_stores,static/icons/miscellaneous_stores.png
7298,Health and beauty spas,miscellaneous_stores,static/icons/miscellaneous_stores.png
7299,Miscellaneous personal services (not elsewhere classified),miscellaneous_stores,static/icons/miscellaneous_stores.png
7311,Advertising services,business_services,static/icons/business_services.png
7321,Consumer credit reporting agencies,business_services,static/icons/business_services.png
7333,"Commercial photography, art, and graphics",business_services,static/icons/business_services.png
7338,"Quick copy, reproduction, and blueprinting services",business_services,static/icons/business_services.png
7339,Stenographic and secretarial support,business_services,static/icons/business_services.png
7342,Exterminating and disinfecting services,business_services,static/icons/business_services.png
7349,"Cleaning, maintenance, and janitorial services",business_services,static/icons/business_services.png
7361,Employment agencies and temporary help services,business_services,static/icons/business_services.png
7372,"Computer programming, data processing, and integrated systems design services",business_services,static/icons/business_services.png
7375,Information retrieval services,business_services,static/icons/business_services.png
7379,"Computer maintenance, repair, and services (not elsewhere classified)",business_services,static/icons/business_services.png
7392,"Management, consulting, and public relations services",business_services,static/icons/business_services.png
7393,"Detective agencies, protective services, and security services",business_services,static/icons/business_services.png
7394,"Equipment, tool, furniture, and appliance rental and leasing",business_services,static/icons/business_services.png
7395,Photofinishing laboratories and photo developing,business_services,static/icons/business_services.png
7399,Business services (not elsewhere classified),business_services,static/icons/business_services.png
7512,Automobile rental agency,business_services,static/icons/business_services.png
7513,Truck and utility trailer rentals,business_services,static/icons/business_services.png
7519,Motor home and recreational vehicle rentals,business_services,static/icons/business_services.png
7523,Parking lots and garages,business_services,static/icons/business_services.png
7531," Automotive Body Repair Shops V, M",business_services,static/icons/business_services.png
7534," Tire Retreading and Repair Shops V, M",business_services,static/icons/business_services.png
7535," Automotive Paint Shops V, M",business_services,static/icons/business_services.png
7538," Automotive Service Shops V, M",business_services,static/icons/business_services.png
7542," Car Washes V, M",business_services,static/icons/business_services.png
7549," Towing Services V, M",business_services,static/icons/business_services.png
7622," Electronic Repair Shops V, M",business_services,static/icons/business_services.png
7623," Air Conditioning and Refrigeration Repair Shops V, M",business_services,static/icons/business_services.png
7629," Appliance Repair Shops, Electrical and Small V, M",business_services,static/icons/business_services.png
7631," Clock, Jewelry and Watch Repair Shops V, M",business_services,static/icons/business_services.png
7641," Furniture–Reupholstery, Repair and Refinishing V, M",business_services,static/icons/business_services.png
7692," Welding Repair V, M",business_services,static/icons/business_services.png
7699," Miscellaneous Repair Shops and Related Services V, M",business_services,static/icons/business_services.png
7800," Government Owned Lottery V, M",business_services,static/icons/business_services.png
7801, Government-Licensed Casinos (Online or Internet Gambling),business_services,static/icons/business_services.png
7802," Government-Licensed Horse/Dog Racing V, M",business_services,static/icons/business_services.png
7829, Motion Picture and Video Tape Production and Distribution,business_services,static/icons/business_services.png
7832," Motion Picture Theaters V, M",business_services,static/icons/business_services.png
7833, Express Payment Service — Motion Picture Theater TSYS,business_services,static/icons/business_services.png
7841," DVD/Video Tape Rental Stores V, M",business_services,static/icons/business_services.png
7911," Dance Halls, Schools and Studios V, M",business_services,static/icons/business_services.png
7922," Theatrical Producers (Except Motion Pictures), Ticket Agencies",business_services,static/icons/business_services.png
7929," Bands, Orchestras and Miscellaneous Entertainers–Not Elsewhere Classified",business_services,static/icons/business_services.png
7932," Pool and Billiard Establishments V, M",business_services,static/icons/business_services.png
7933," Bowling Alleys V, M",business_services,static/icons/business_services.png
7941," Athletic Fields, Commercial Sports, Professional Sports Clubs, Sports Promoters",business_services,static/icons/business_services.png
7991," Tourist Attractions and Exhibits V, M",business_services,static/icons/business_services.png
7992," Golf Courses, Public V, M",business_services,static/icons/business_services.png
7993," Video Amusement Game Supplies V, M",business_services,static/icons/business_services.png
7994," Video Game Arcades and Establishments V, M",business_services,static/icons/business_services.png
7995," Gambling Transactions, Betting (Sportsbook, fantasy, social gaming; when regulated and not covered by other MCCs) (D)",business_services,static/icons/business_services.png
7996," Amusement Parks, Carnivals, Circuses, Carnivals, Fortune Tellers",business_services,static/icons/business_services.png
7997," Clubs–Country Clubs, Membership (Athletic, Recreation, Sports), Private Golf Courses",business_services,static/icons/business_services.png
7998," Aquariums, Dolphinariums, Zoos and Seaquariums V, M",business_services,static/icons/business_services.png
7999," Recreation Services–Not Elsewhere Classified V, M",business_services,static/icons/business_services.png
8011," Doctors–not elsewhere classified V, M",professional_services_and_membership_organizations,static/icons/professional_services_and_membership_organizations.png
8021," Dentists and Orthodontists V, M",professional_services_and_membership_organizations,static/icons/professional_services_and_membership_organizations.png
8031," Osteopathic Physicians V, M",professional_services_and_membership_organizations,static/icons/professional_services_and_membership_organizations.png
8041," Chiropractors V, M",professional_services_and_membership_organizations,static/icons/professional_services_and_membership_organizations.png
8042," Optometrists and Ophthalmologists V, M",professional_services_and_membership_organizations,static/icons/professional_services_and_membership_organizations.png
8043," Opticians, Optical Goods and Eyeglasses V, M",professional_services_and_membership_organizations,static/icons/professional_services_and_membership_organizations.png
8044, Optical Goods and Eyeglasses TSYS,professional_services_and_membership_organizations,static/icons/professional_services_and_membership_organizations.png
8049," Chiropodists, Podiatrists V, M",professional_services_and_membership_organizations,static/icons/professional_services_and_membership_organizations.png
8050," Nursing and Personal Care Facilities V, M",professional_services_and_membership_organizations,static/icons/professional_services_and_membership_organizations.png
8062," Hospitals V, M",professional_services_and_membership_organizations,static/icons/professional_services_and_membership_organizations.png
8071," Dental and Medical Laboratories V, M",professional_services_and_membership_organizations,static/icons/professional_services_and_membership_organizations.png
8099," Health Practitioners, Medical Services–Not Elsewhere Classified",professional_services_and_membership_organizations,static/icons/professional_services_and_membership_organizations.png
8111," Attorneys, Legal Services V, M",professional_services_and_membership_organizations,static/icons/professional_services_and_membership_organizations.png
8211," Schools, Elementary and Secondary V, M",professional_services_and_membership_organizations,static/icons/professional_services_and_membership_organizations.png
8220," Colleges, Universities, Professional Schools and Junior Colleges",professional_services_and_membership_organizations,static/icons/professional_services_and_membership_organizations.png
8241," Schools, Correspondence V, M",professional_services_and_membership_organizations,static/icons/professional_services_and_membership_organizations.png
8244," Schools, Business and Secretarial V, M",professional_services_and_membership_organizations,static/icons/professional_services_and_membership_organizations.png
8249," Schools, Trade and Vocational V, M",professional_services_and_membership_organizations,static/icons/professional_services_and_membership_organizations.png
8299, Schools And Educational Services–Not Elsewhere Classified,professional_services_and_membership_organizations,static/icons/professional_services_and_membership_organizations.png
8351," Child Care Services V, M",professional_services_and_membership_organizations,static/icons/professional_services_and_membership_organizations.png
8398," Organizations, Charitable and Social Service V, M",professional_services_and_membership_organizations,static/icons/professional_services_and_membership_organizations.png
8641," Associations–Civic, Social and Fraternal V, M",professional_services_and_membership_organizations,static/icons/professional_services_and_membership_organizations.png
8651," Organizations, Political V, M",professional_services_and_membership_organizations,static/icons/professional_services_and_membership_organizations.png
8661," Organizations, Religious V, M",professional_services_and_membership_organizations,static/icons/professional_services_and_membership_organizations.png
8675," Automobile Associations V, M",professional_services_and_membership_organizations,static/icons/professional_services_and_membership_organizations.png
8699," Organizations, Membership–Not Elsewhere Classified",professional_services_and_membership_organizations,static/icons/professional_services_and_membership_organizations.png
8734," Testing Laboratories (Non-Medical) V, M",professional_services_and_membership_organizations,static/icons/professional_services_and_membership_organizations.png
8743, Testing Laboratories (Non-Medical) TSYS,professional_services_and_membership_organizations,static/icons/professional_services_and_membership_organizations.png
8911," Architectural, Engineering and Surveying Services V, M",professional_services_and_membership_organizations,static/icons/professional_services_and_membership_organizations.png
8931," Accounting, Auditing and Bookkeeping Services V, M",professional_services_and_membership_organizations,static/icons/professional_services_and_membership_organizations.png
8999," Professional Services–Not Elsewhere Classified V, M",professional_services_and_membership_organizations,static/icons/professional_services_and_membership_organizations.png
9034, I-Purchasing Pilot TSYS,government_services,static/icons/government_services.png
9211," Court Costs Including Alimony and Child Support V, M",government_services,static/icons/government_services.png
9222," Fines V, M",government_services,static/icons/government_services.png
9223," Bail and Bond Payments V, M",government_services,static/icons/government_services.png
9311," Tax Payments V, M",government_services,static/icons/government_services.png
9399," Government Services–Not Elsewhere Classified V, M",government_services,static/icons/government_services.png
9401, I-Purchasing Pilot TSYS,government_services,static/icons/government_services.png
9402," Postal Services–Government Only V, M",government_services,static/icons/government_services.png
9405," Intra-Government Purchases–Government Only V, M",government_services,static/icons/government_services.png
9700, Automated Referral Service V,government_services,static/icons/government_services.png
9701, Visa Credential Server V,government_services,static/icons/government_services.png
9702, GCAS Emergency Services V,government_services,static/icons/government_services.png
9751," UK Supermarkets, Electronic Hot File TSYS",government_services,static/icons/government_services.png
9752," UK Petrol Stations, Electronic Hot File TSYS",government_services,static/icons/government_services.png
9754," Gambling-Horse, Dog Racing, State Lottery M",government_services,static/icons/government_services.png
9950," Intra-Company Purchases V,M",government_services,static/icons/government_services.png